version 1.00
768
[-0.6678,0.313499,0.0158371][-0.526939,0.413063,0.742774][0.172636,0.750715,0][-0.620105,0.18888,0.0989954][-0.42767,0.279668,0.859584][0.161836,0.657741,0][-0.493662,0.248894,0.106524][-0.184682,0.406303,0.89488][0.265223,0.65345,0][-0.493662,0.248894,0.106524][-0.184682,0.406303,0.89488][0.265223,0.65345,0][-0.556912,0.371389,0.0226438][-0.254607,0.530337,0.808652][0.262581,0.749504,0][-0.6678,0.313499,0.0158371][-0.526939,0.413063,0.742774][0.172636,0.750715,0][-0.493662,0.248894,0.106524][-0.184682,0.406303,0.89488][0.265223,0.65345,0][-0.363863,0.303392,0.0989954][0.0612589,0.512974,0.856215][0.369609,0.654045,0][-0.441645,0.422051,0.0158371][-0.00135227,0.664608,0.747191][0.352711,0.750046,0][-0.441645,0.422051,0.0158371][-0.00135227,0.664608,0.747191][0.352711,0.750046,0][-0.556912,0.371389,0.0226438][-0.254607,0.530337,0.808652][0.262581,0.749504,0][-0.493662,0.248894,0.106524][-0.184682,0.406303,0.89488][0.265223,0.65345,0][-0.441645,0.422051,0.0158371][-0.00135227,0.664608,0.747191][0.352711,0.750046,0][-0.517612,0.508345,-0.078233][-0.0367615,0.806214,0.59048][0.329833,0.834239,0][-0.608346,0.46736,-0.0711534][-0.31653,0.653722,0.687355][0.259719,0.832684,0][-0.608346,0.46736,-0.0711534][-0.31653,0.653722,0.687355][0.259719,0.832684,0][-0.556912,0.371389,0.0226438][-0.254607,0.530337,0.808652][0.262581,0.749504,0][-0.441645,0.422051,0.0158371][-0.00135227,0.664608,0.747191][0.352711,0.750046,0][-0.608346,0.46736,-0.0711534][-0.31653,0.653722,0.687355][0.259719,0.832684,0][-0.693785,0.41752,-0.0761256][-0.629873,0.480073,0.610566][0.189606,0.832312,0][-0.6678,0.313499,0.0158371][-0.526939,0.413063,0.742774][0.172636,0.750715,0][-0.6678,0.313499,0.0158371][-0.526939,0.413063,0.742774][0.172636,0.750715,0][-0.556912,0.371389,0.0226438][-0.254607,0.530337,0.808652][0.262581,0.749504,0][-0.608346,0.46736,-0.0711534][-0.31653,0.653722,0.687355][0.259719,0.832684,0][-0.608346,0.46736,-0.0711534][-0.31653,0.653722,0.687355][0.259719,0.832684,0][-0.517612,0.508345,-0.078233][-0.0367615,0.806214,0.59048][0.329833,0.834239,0][-0.583123,0.557508,-0.174953][-0.00165828,0.942339,0.334655][0.302242,0.903458,0][-0.583123,0.557508,-0.174953][-0.00165828,0.942339,0.334655][0.302242,0.903458,0][-0.647139,0.532854,-0.165352][-0.337988,0.769741,0.541538][0.255833,0.902357,0][-0.608346,0.46736,-0.0711534][-0.31653,0.653722,0.687355][0.259719,0.832684,0][-0.583123,0.557508,-0.174953][-0.00165828,0.942339,0.334655][0.302242,0.903458,0][-0.622714,0.567533,-0.230983][0.0417305,0.995758,0.0820096][0.286054,0.941384,0][-0.668325,0.565071,-0.240969][-0.402102,0.908046,0.117329][0.250944,0.958163,0][-0.668325,0.565071,-0.240969][-0.402102,0.908046,0.117329][0.250944,0.958163,0][-0.647139,0.532854,-0.165352][-0.337988,0.769741,0.541538][0.255833,0.902357,0][-0.583123,0.557508,-0.174953][-0.00165828,0.942339,0.334655][0.302242,0.903458,0][-0.668325,0.565071,-0.240969][-0.402102,0.908046,0.117329][0.250944,0.958163,0][-0.696575,0.534962,-0.222242][-0.741411,0.629189,0.233304][0.222646,0.937833,0][-0.70526,0.498182,-0.166524][-0.730872,0.549762,0.404459][0.211495,0.900017,0][-0.70526,0.498182,-0.166524][-0.730872,0.549762,0.404459][0.211495,0.900017,0][-0.647139,0.532854,-0.165352][-0.337988,0.769741,0.541538][0.255833,0.902357,0][-0.668325,0.565071,-0.240969][-0.402102,0.908046,0.117329][0.250944,0.958163,0][-0.70526,0.498182,-0.166524][-0.730872,0.549762,0.404459][0.211495,0.900017,0][-0.693785,0.41752,-0.0761256][-0.629873,0.480073,0.610566][0.189606,0.832312,0][-0.608346,0.46736,-0.0711534][-0.31653,0.653722,0.687355][0.259719,0.832684,0][-0.608346,0.46736,-0.0711534][-0.31653,0.653722,0.687355][0.259719,0.832684,0][-0.647139,0.532854,-0.165352][-0.337988,0.769741,0.541538][0.255833,0.902357,0][-0.70526,0.498182,-0.166524][-0.730872,0.549762,0.404459][0.211495,0.900017,0][-0.234181,-0.548213,0.323792][-0.23433,-0.531299,0.814132][0.22884,0.0456363,0][-0.196791,-0.543028,0.331354][0.0916794,-0.469807,0.877995][0.27095,0.0387493,0][-0.216413,-0.487142,0.323832][-0.0544068,0.174287,0.983191][0.267858,0.0879923,0][-0.216413,-0.487142,0.323832][-0.0544068,0.174287,0.983191][0.267858,0.0879923,0][-0.281392,-0.505308,0.315538][-0.457378,-0.136177,0.878784][0.209806,0.0928513,0][-0.234181,-0.548213,0.323792][-0.23433,-0.531299,0.814132][0.22884,0.0456363,0][-0.15033,-0.472274,0.315538][0.459001,0.148104,0.876004][0.327172,0.0875853,0][-0.216413,-0.487142,0.323832][-0.0544068,0.174287,0.983191][0.267858,0.0879923,0][-0.196791,-0.543028,0.331354][0.0916794,-0.469807,0.877995][0.27095,0.0387493,0][-0.196791,-0.543028,0.331354][0.0916794,-0.469807,0.877995][0.27095,0.0387493,0][-0.161684,-0.533014,0.323792][0.478866,-0.329585,0.813671][0.309454,0.0429273,0][-0.15033,-0.472274,0.315538][0.459001,0.148104,0.876004][0.327172,0.0875853,0][-0.270441,-0.299088,0.273607][-0.0647881,0.199901,0.977672][0.271053,0.234816,0][-0.362708,-0.330203,0.265263][-0.408825,0.0531359,0.911064][0.181205,0.234502,0][-0.318811,-0.430249,0.292588][-0.447815,0.0345316,0.893459][0.195734,0.152508,0][-0.318811,-0.430249,0.292588][-0.447815,0.0345316,0.893459][0.195734,0.152508,0][-0.239989,-0.406513,0.30091][-0.0679055,0.24108,0.968127][0.269063,0.150749,0][-0.270441,-0.299088,0.273607][-0.0647881,0.199901,0.977672][0.271053,0.234816,0][-0.318811,-0.430249,0.292588][-0.447815,0.0345316,0.893459][0.195734,0.152508,0][-0.281392,-0.505308,0.315538][-0.457378,-0.136177,0.878784][0.209806,0.0928513,0][-0.216413,-0.487142,0.323832][-0.0544068,0.174287,0.983191][0.267858,0.0879923,0][-0.216413,-0.487142,0.323832][-0.0544068,0.174287,0.983191][0.267858,0.0879923,0][-0.239989,-0.406513,0.30091][-0.0679055,0.24108,0.968127][0.269063,0.150749,0][-0.318811,-0.430249,0.292588][-0.447815,0.0345316,0.893459][0.195734,0.152508,0][-0.216413,-0.487142,0.323832][-0.0544068,0.174287,0.983191][0.267858,0.0879923,0][-0.15033,-0.472274,0.315538][0.459001,0.148104,0.876004][0.327172,0.0875853,0][-0.160038,-0.385819,0.292588][0.355877,0.262362,0.896949][0.342898,0.149361,0][-0.160038,-0.385819,0.292588][0.355877,0.262362,0.896949][0.342898,0.149361,0][-0.239989,-0.406513,0.30091][-0.0679055,0.24108,0.968127][0.269063,0.150749,0][-0.216413,-0.487142,0.323832][-0.0544068,0.174287,0.983191][0.267858,0.0879923,0][-0.160038,-0.385819,0.292588][0.355877,0.262362,0.896949][0.342898,0.149361,0][-0.176983,-0.270779,0.265263][0.306708,0.244958,0.919742][0.360545,0.235716,0][-0.270441,-0.299088,0.273607][-0.0647881,0.199901,0.977672][0.271053,0.234816,0][-0.270441,-0.299088,0.273607][-0.0647881,0.199901,0.977672][0.271053,0.234816,0][-0.239989,-0.406513,0.30091][-0.0679055,0.24108,0.968127][0.269063,0.150749,0][-0.160038,-0.385819,0.292588][0.355877,0.262362,0.896949][0.342898,0.149361,0][-0.5435,0.0464244,0.16298][-0.373203,0.146717,0.916075][0.158575,0.546334,0][-0.46394,-0.095892,0.209595][-0.362389,0.084298,0.928207][0.165173,0.427927,0][-0.35075,-0.0450501,0.217838][-0.0926655,0.223005,0.970403][0.274527,0.429317,0][-0.35075,-0.0450501,0.217838][-0.0926655,0.223005,0.970403][0.274527,0.429317,0][-0.419418,0.103827,0.17097][-0.129563,0.294724,0.946758][0.270204,0.544463,0][-0.5435,0.0464244,0.16298][-0.373203,0.146717,0.916075][0.158575,0.546334,0][-0.35075,-0.0450501,0.217838][-0.0926655,0.223005,0.970403][0.274527,0.429317,0][-0.235836,0.00266743,0.209594][0.202987,0.302312,0.931345][0.379825,0.43526,0][-0.292905,0.157135,0.16298][0.133944,0.387563,0.91206][0.378155,0.546728,0][-0.292905,0.157135,0.16298][0.133944,0.387563,0.91206][0.378155,0.546728,0][-0.419418,0.103827,0.17097][-0.129563,0.294724,0.946758][0.270204,0.544463,0][-0.35075,-0.0450501,0.217838][-0.0926655,0.223005,0.970403][0.274527,0.429317,0][-0.292905,0.157135,0.16298][0.133944,0.387563,0.91206][0.378155,0.546728,0][-0.363863,0.303392,0.0989954][0.0612589,0.512974,0.856215][0.369609,0.654045,0][-0.493662,0.248894,0.106524][-0.184682,0.406303,0.89488][0.265223,0.65345,0][-0.493662,0.248894,0.106524][-0.184682,0.406303,0.89488][0.265223,0.65345,0][-0.419418,0.103827,0.17097][-0.129563,0.294724,0.946758][0.270204,0.544463,0][-0.292905,0.157135,0.16298][0.133944,0.387563,0.91206][0.378155,0.546728,0][-0.493662,0.248894,0.106524][-0.184682,0.406303,0.89488][0.265223,0.65345,0][-0.620105,0.18888,0.0989954][-0.42767,0.279668,0.859584][0.161836,0.657741,0][-0.5435,0.0464244,0.16298][-0.373203,0.146717,0.916075][0.158575,0.546334,0][-0.5435,0.0464244,0.16298][-0.373203,0.146717,0.916075][0.158575,0.546334,0][-0.419418,0.103827,0.17097][-0.129563,0.294724,0.946758][0.270204,0.544463,0][-0.493662,0.248894,0.106524][-0.184682,0.406303,0.89488][0.265223,0.65345,0][-0.270441,-0.299088,0.273607][-0.0647881,0.199901,0.977672][0.271053,0.234816,0][-0.176983,-0.270779,0.265263][0.306708,0.244958,0.919742][0.360545,0.235716,0][-0.199722,-0.140627,0.240644][0.265831,0.24033,0.933582][0.372891,0.331872,0][-0.199722,-0.140627,0.240644][0.265831,0.24033,0.933582][0.372891,0.331872,0][-0.304226,-0.178977,0.248984][-0.0717813,0.191346,0.978894][0.274393,0.327348,0][-0.270441,-0.299088,0.273607][-0.0647881,0.199901,0.977672][0.271053,0.234816,0][-0.199722,-0.140627,0.240644][0.265831,0.24033,0.933582][0.372891,0.331872,0][-0.235836,0.00266743,0.209594][0.202987,0.302312,0.931345][0.379825,0.43526,0][-0.35075,-0.0450501,0.217838][-0.0926655,0.223005,0.970403][0.274527,0.429317,0][-0.35075,-0.0450501,0.217838][-0.0926655,0.223005,0.970403][0.274527,0.429317,0][-0.304226,-0.178977,0.248984][-0.0717813,0.191346,0.978894][0.274393,0.327348,0][-0.199722,-0.140627,0.240644][0.265831,0.24033,0.933582][0.372891,0.331872,0][-0.35075,-0.0450501,0.217838][-0.0926655,0.223005,0.970403][0.274527,0.429317,0][-0.46394,-0.095892,0.209595][-0.362389,0.084298,0.928207][0.165173,0.427927,0][-0.40738,-0.220093,0.240644][-0.374703,0.0503244,0.925778][0.172349,0.32449,0][-0.40738,-0.220093,0.240644][-0.374703,0.0503244,0.925778][0.172349,0.32449,0][-0.304226,-0.178977,0.248984][-0.0717813,0.191346,0.978894][0.274393,0.327348,0][-0.35075,-0.0450501,0.217838][-0.0926655,0.223005,0.970403][0.274527,0.429317,0][-0.40738,-0.220093,0.240644][-0.374703,0.0503244,0.925778][0.172349,0.32449,0][-0.362708,-0.330203,0.265263][-0.408825,0.0531359,0.911064][0.181205,0.234502,0][-0.270441,-0.299088,0.273607][-0.0647881,0.199901,0.977672][0.271053,0.234816,0][-0.270441,-0.299088,0.273607][-0.0647881,0.199901,0.977672][0.271053,0.234816,0][-0.304226,-0.178977,0.248984][-0.0717813,0.191346,0.978894][0.274393,0.327348,0][-0.40738,-0.220093,0.240644][-0.374703,0.0503244,0.925778][0.172349,0.32449,0][-0.577957,0.392342,-0.0488409][0.152453,-0.55686,-0.816495][0.87582,0.794285,0][-0.547996,0.436013,-0.0496777][0.0845879,-0.642486,-0.761614][0.835536,0.811616,0][-0.489639,0.342915,0.0225464][0.0580937,-0.557625,-0.828058][0.820672,0.714842,0][-0.489639,0.342915,0.0225464][0.0580937,-0.557625,-0.828058][0.820672,0.714842,0][-0.533762,0.304926,0.0176726][0.143769,-0.495271,-0.85676][0.870015,0.705171,0][-0.577957,0.392342,-0.0488409][0.152453,-0.55686,-0.816495][0.87582,0.794285,0][-0.489639,0.342915,0.0225464][0.0580937,-0.557625,-0.828058][0.820672,0.714842,0][-0.424522,0.223167,0.0928596][0.00188384,-0.446618,-0.894723][0.808369,0.599221,0][-0.479313,0.194115,0.0838903][0.109725,-0.39563,-0.911832][0.863519,0.598112,0][-0.479313,0.194115,0.0838903][0.109725,-0.39563,-0.911832][0.863519,0.598112,0][-0.533762,0.304926,0.0176726][0.143769,-0.495271,-0.85676][0.870015,0.705171,0][-0.489639,0.342915,0.0225464][0.0580937,-0.557625,-0.828058][0.820672,0.714842,0][-0.479313,0.194115,0.0838903][0.109725,-0.39563,-0.911832][0.863519,0.598112,0][-0.532403,0.187913,0.0930176][0.272643,-0.328376,-0.904342][0.91054,0.605295,0][-0.585155,0.309368,0.0226565][0.301578,-0.450582,-0.840254][0.912035,0.718692,0][-0.585155,0.309368,0.0226565][0.301578,-0.450582,-0.840254][0.912035,0.718692,0][-0.533762,0.304926,0.0176726][0.143769,-0.495271,-0.85676][0.870015,0.705171,0][-0.479313,0.194115,0.0838903][0.109725,-0.39563,-0.911832][0.863519,0.598112,0][-0.585155,0.309368,0.0226565][0.301578,-0.450582,-0.840254][0.912035,0.718692,0][-0.623219,0.407288,-0.0485649][0.343837,-0.549458,-0.761493][0.910428,0.812823,0][-0.577957,0.392342,-0.0488409][0.152453,-0.55686,-0.816495][0.87582,0.794285,0][-0.577957,0.392342,-0.0488409][0.152453,-0.55686,-0.816495][0.87582,0.794285,0][-0.533762,0.304926,0.0176726][0.143769,-0.495271,-0.85676][0.870015,0.705171,0][-0.585155,0.309368,0.0226565][0.301578,-0.450582,-0.840254][0.912035,0.718692,0][-0.647695,0.4733,-0.108638][0.402971,-0.554547,-0.728074][0.90502,0.876316,0][-0.65898,0.505552,-0.150151][0.713966,-0.593782,-0.371047][0.900679,0.910638,0][-0.639949,0.523006,-0.160404][0.446898,-0.793626,-0.412844][0.881872,0.917486,0][-0.639949,0.523006,-0.160404][0.446898,-0.793626,-0.412844][0.881872,0.917486,0][-0.607353,0.449553,-0.104613][0.13311,-0.631394,-0.763953][0.878434,0.85519,0][-0.647695,0.4733,-0.108638][0.402971,-0.554547,-0.728074][0.90502,0.876316,0][-0.639949,0.523006,-0.160404][0.446898,-0.793626,-0.412844][0.881872,0.917486,0][-0.612359,0.521598,-0.155564][-0.212941,-0.906013,-0.365781][0.861636,0.913041,0][-0.590451,0.494915,-0.11298][0.0681213,-0.754,-0.653332][0.850063,0.877763,0][-0.590451,0.494915,-0.11298][0.0681213,-0.754,-0.653332][0.850063,0.877763,0][-0.607353,0.449553,-0.104613][0.13311,-0.631394,-0.763953][0.878434,0.85519,0][-0.639949,0.523006,-0.160404][0.446898,-0.793626,-0.412844][0.881872,0.917486,0][-0.590451,0.494915,-0.11298][0.0681213,-0.754,-0.653332][0.850063,0.877763,0][-0.547996,0.436013,-0.0496777][0.0845879,-0.642486,-0.761614][0.835536,0.811616,0][-0.577957,0.392342,-0.0488409][0.152453,-0.55686,-0.816495][0.87582,0.794285,0][-0.577957,0.392342,-0.0488409][0.152453,-0.55686,-0.816495][0.87582,0.794285,0][-0.607353,0.449553,-0.104613][0.13311,-0.631394,-0.763953][0.878434,0.85519,0][-0.590451,0.494915,-0.11298][0.0681213,-0.754,-0.653332][0.850063,0.877763,0][-0.577957,0.392342,-0.0488409][0.152453,-0.55686,-0.816495][0.87582,0.794285,0][-0.623219,0.407288,-0.0485649][0.343837,-0.549458,-0.761493][0.910428,0.812823,0][-0.647695,0.4733,-0.108638][0.402971,-0.554547,-0.728074][0.90502,0.876316,0][-0.647695,0.4733,-0.108638][0.402971,-0.554547,-0.728074][0.90502,0.876316,0][-0.607353,0.449553,-0.104613][0.13311,-0.631394,-0.763953][0.878434,0.85519,0][-0.577957,0.392342,-0.0488409][0.152453,-0.55686,-0.816495][0.87582,0.794285,0][-0.159372,-0.540618,0.286984][0.53112,-0.686322,-0.496864][0.351663,0.0303943,0][-0.193711,-0.553323,0.281667][0.199237,-0.838868,-0.506562][0.373788,0.0144951,0][-0.206452,-0.524434,0.263177][0.12979,-0.494418,-0.85948][0.406954,0.0197773,0][-0.206452,-0.524434,0.263177][0.12979,-0.494418,-0.85948][0.406954,0.0197773,0][-0.139775,-0.488113,0.263997][0.691624,-0.369571,-0.620543][0.378031,0.0717593,0][-0.159372,-0.540618,0.286984][0.53112,-0.686322,-0.496864][0.351663,0.0303943,0][-0.283029,-0.524153,0.263997][-0.415081,-0.722822,-0.552481][0.160361,0.0780323,0][-0.206452,-0.524434,0.263177][0.12979,-0.494418,-0.85948][0.142157,0.0228113,0][-0.193711,-0.553323,0.281667][0.199237,-0.838868,-0.506562][0.173903,0.0144951,0][-0.193711,-0.553323,0.281667][0.199237,-0.838868,-0.506562][0.173903,0.0144951,0][-0.231869,-0.555818,0.286984][-0.12209,-0.902721,-0.41254][0.187365,0.0342453,0][-0.283029,-0.524153,0.263997][-0.415081,-0.722822,-0.552481][0.160361,0.0780323,0][-0.207151,-0.409731,0.281024][-0.255236,-0.204577,-0.944988][0.844487,0.0761271,0][-0.202097,-0.467619,0.290523][-0.260682,0.294227,-0.919497][0.856805,0.0450197,0][-0.23805,-0.442566,0.276192][0.0238297,-0.0882164,-0.995816][0.875761,0.0647103,0][-0.23805,-0.442566,0.276192][0.0238297,-0.0882164,-0.995816][0.875761,0.0647103,0][-0.254961,-0.379795,0.263584][0.0524626,-0.215724,-0.975044][0.870274,0.10852,0][-0.207151,-0.409731,0.281024][-0.255236,-0.204577,-0.944988][0.844487,0.0761271,0][-0.23805,-0.442566,0.276192][0.0238297,-0.0882164,-0.995816][0.875761,0.0647103,0][-0.261696,-0.478278,0.290424][0.150385,0.375751,-0.914437][0.900696,0.05175,0][-0.283535,-0.424975,0.281001][0.331385,-0.0655424,-0.941216][0.904036,0.0850267,0][-0.283535,-0.424975,0.281001][0.331385,-0.0655424,-0.941216][0.904036,0.0850267,0][-0.254961,-0.379795,0.263584][0.0524626,-0.215724,-0.975044][0.870274,0.10852,0][-0.23805,-0.442566,0.276192][0.0238297,-0.0882164,-0.995816][0.875761,0.0647103,0][-0.283535,-0.424975,0.281001][0.331385,-0.0655424,-0.941216][0.904036,0.0850267,0][-0.312354,-0.338136,0.259518][0.316335,-0.105884,-0.94272][0.903365,0.150866,0][-0.279017,-0.299815,0.243673][0.049022,-0.222209,-0.973766][0.864311,0.171087,0][-0.279017,-0.299815,0.243673][0.049022,-0.222209,-0.973766][0.864311,0.171087,0][-0.254961,-0.379795,0.263584][0.0524626,-0.215724,-0.975044][0.870274,0.10852,0][-0.283535,-0.424975,0.281001][0.331385,-0.0655424,-0.941216][0.904036,0.0850267,0][-0.279017,-0.299815,0.243673][0.049022,-0.222209,-0.973766][0.864311,0.171087,0][-0.226361,-0.318757,0.259454][-0.21984,-0.26987,-0.937465][0.828741,0.141198,0][-0.207151,-0.409731,0.281024][-0.255236,-0.204577,-0.944988][0.844487,0.0761271,0][-0.207151,-0.409731,0.281024][-0.255236,-0.204577,-0.944988][0.844487,0.0761271,0][-0.254961,-0.379795,0.263584][0.0524626,-0.215724,-0.975044][0.870274,0.10852,0][-0.279017,-0.299815,0.243673][0.049022,-0.222209,-0.973766][0.864311,0.171087,0][-0.479313,0.194115,0.0838903][0.109725,-0.39563,-0.911832][0.863519,0.598112,0][-0.424522,0.223167,0.0928596][0.00188384,-0.446618,-0.894723][0.808369,0.599221,0][-0.359936,0.0843649,0.150733][-0.053415,-0.361399,-0.93088][0.80364,0.474514,0][-0.359936,0.0843649,0.150733][-0.053415,-0.361399,-0.93088][0.80364,0.474514,0][-0.41904,0.0668173,0.138928][0.0876337,-0.3235,-0.942161][0.857878,0.482022,0][-0.479313,0.194115,0.0838903][0.109725,-0.39563,-0.911832][0.863519,0.598112,0][-0.359936,0.0843649,0.150733][-0.053415,-0.361399,-0.93088][0.80364,0.474514,0][-0.302248,-0.0605259,0.196936][-0.124118,-0.297865,-0.946505][0.804392,0.35015,0][-0.361406,-0.0653529,0.183252][0.0688807,-0.264843,-0.961828][0.855025,0.366134,0][-0.361406,-0.0653529,0.183252][0.0688807,-0.264843,-0.961828][0.855025,0.366134,0][-0.41904,0.0668173,0.138928][0.0876337,-0.3235,-0.942161][0.857878,0.482022,0][-0.359936,0.0843649,0.150733][-0.053415,-0.361399,-0.93088][0.80364,0.474514,0][-0.361406,-0.0653529,0.183252][0.0688807,-0.264843,-0.961828][0.855025,0.366134,0][-0.40178,-0.0917797,0.19708][0.259332,-0.169488,-0.9508][0.897943,0.356372,0][-0.466725,0.0496936,0.150934][0.256851,-0.225297,-0.939824][0.903542,0.480678,0][-0.466725,0.0496936,0.150934][0.256851,-0.225297,-0.939824][0.903542,0.480678,0][-0.41904,0.0668173,0.138928][0.0876337,-0.3235,-0.942161][0.857878,0.482022,0][-0.361406,-0.0653529,0.183252][0.0688807,-0.264843,-0.961828][0.855025,0.366134,0][-0.466725,0.0496936,0.150934][0.256851,-0.225297,-0.939824][0.903542,0.480678,0][-0.532403,0.187913,0.0930176][0.272643,-0.328376,-0.904342][0.91054,0.605295,0][-0.479313,0.194115,0.0838903][0.109725,-0.39563,-0.911832][0.863519,0.598112,0][-0.479313,0.194115,0.0838903][0.109725,-0.39563,-0.911832][0.863519,0.598112,0][-0.41904,0.0668173,0.138928][0.0876337,-0.3235,-0.942161][0.857878,0.482022,0][-0.466725,0.0496936,0.150934][0.256851,-0.225297,-0.939824][0.903542,0.480678,0][-0.350948,-0.224334,0.232458][0.276435,-0.132894,-0.9518][0.899613,0.244074,0][-0.40178,-0.0917797,0.19708][0.259332,-0.169488,-0.9508][0.897943,0.356372,0][-0.361406,-0.0653529,0.183252][0.0688807,-0.264843,-0.961828][0.855025,0.366134,0][-0.361406,-0.0653529,0.183252][0.0688807,-0.264843,-0.961828][0.855025,0.366134,0][-0.314586,-0.191324,0.217537][0.0545403,-0.233983,-0.97071][0.858128,0.259575,0][-0.350948,-0.224334,0.232458][0.276435,-0.132894,-0.9518][0.899613,0.244074,0][-0.361406,-0.0653529,0.183252][0.0688807,-0.264843,-0.961828][0.855025,0.366134,0][-0.302248,-0.0605259,0.196936][-0.124118,-0.297865,-0.946505][0.804392,0.35015,0][-0.257802,-0.198998,0.232369][-0.182551,-0.267462,-0.946118][0.81385,0.235888,0][-0.257802,-0.198998,0.232369][-0.182551,-0.267462,-0.946118][0.81385,0.235888,0][-0.314586,-0.191324,0.217537][0.0545403,-0.233983,-0.97071][0.858128,0.259575,0][-0.361406,-0.0653529,0.183252][0.0688807,-0.264843,-0.961828][0.855025,0.366134,0][-0.257802,-0.198998,0.232369][-0.182551,-0.267462,-0.946118][0.81385,0.235888,0][-0.226361,-0.318757,0.259454][-0.21984,-0.26987,-0.937465][0.828741,0.141198,0][-0.279017,-0.299815,0.243673][0.049022,-0.222209,-0.973766][0.864311,0.171087,0][-0.279017,-0.299815,0.243673][0.049022,-0.222209,-0.973766][0.864311,0.171087,0][-0.314586,-0.191324,0.217537][0.0545403,-0.233983,-0.97071][0.858128,0.259575,0][-0.257802,-0.198998,0.232369][-0.182551,-0.267462,-0.946118][0.81385,0.235888,0][-0.279017,-0.299815,0.243673][0.049022,-0.222209,-0.973766][0.864311,0.171087,0][-0.312354,-0.338136,0.259518][0.316335,-0.105884,-0.94272][0.903365,0.150866,0][-0.350948,-0.224334,0.232458][0.276435,-0.132894,-0.9518][0.899613,0.244074,0][-0.350948,-0.224334,0.232458][0.276435,-0.132894,-0.9518][0.899613,0.244074,0][-0.314586,-0.191324,0.217537][0.0545403,-0.233983,-0.97071][0.858128,0.259575,0][-0.279017,-0.299815,0.243673][0.049022,-0.222209,-0.973766][0.864311,0.171087,0][-0.684404,0.272097,-0.0236894][-0.608063,-0.566867,-0.555807][0.116124,0.755251,0][-0.644192,0.152152,0.0540243][-0.62097,-0.571615,-0.536333][0.100905,0.661119,0][-0.657778,0.16152,0.0764105][-0.914381,-0.211872,0.344989][0.12249,0.661042,0][-0.657778,0.16152,0.0764105][-0.914381,-0.211872,0.344989][0.12249,0.661042,0][-0.698923,0.284564,-0.00458303][-0.973182,-0.0843783,0.214001][0.137375,0.753053,0][-0.684404,0.272097,-0.0236894][-0.608063,-0.566867,-0.555807][0.116124,0.755251,0][-0.657778,0.16152,0.0764105][-0.914381,-0.211872,0.344989][0.12249,0.661042,0][-0.620105,0.18888,0.0989954][-0.42767,0.279668,0.859584][0.161836,0.657741,0][-0.6678,0.313499,0.0158371][-0.526939,0.413063,0.742774][0.172636,0.750715,0][-0.6678,0.313499,0.0158371][-0.526939,0.413063,0.742774][0.172636,0.750715,0][-0.698923,0.284564,-0.00458303][-0.973182,-0.0843783,0.214001][0.137375,0.753053,0][-0.657778,0.16152,0.0764105][-0.914381,-0.211872,0.344989][0.12249,0.661042,0][-0.6678,0.313499,0.0158371][-0.526939,0.413063,0.742774][0.172636,0.750715,0][-0.693785,0.41752,-0.0761256][-0.629873,0.480073,0.610566][0.189606,0.832312,0][-0.715205,0.389099,-0.0938521][-0.995326,-0.0508608,0.0820948][0.159796,0.834664,0][-0.715205,0.389099,-0.0938521][-0.995326,-0.0508608,0.0820948][0.159796,0.834664,0][-0.698923,0.284564,-0.00458303][-0.973182,-0.0843783,0.214001][0.137375,0.753053,0][-0.6678,0.313499,0.0158371][-0.526939,0.413063,0.742774][0.172636,0.750715,0][-0.715205,0.389099,-0.0938521][-0.995326,-0.0508608,0.0820948][0.159796,0.834664,0][-0.700643,0.373486,-0.109009][-0.595693,-0.580533,-0.555095][0.140219,0.837764,0][-0.684404,0.272097,-0.0236894][-0.608063,-0.566867,-0.555807][0.116124,0.755251,0][-0.684404,0.272097,-0.0236894][-0.608063,-0.566867,-0.555807][0.116124,0.755251,0][-0.698923,0.284564,-0.00458303][-0.973182,-0.0843783,0.214001][0.137375,0.753053,0][-0.715205,0.389099,-0.0938521][-0.995326,-0.0508608,0.0820948][0.159796,0.834664,0][-0.397314,0.409897,-0.0236894][0.771596,0.0911446,-0.629549][0.410738,0.755017,0][-0.477001,0.488784,-0.111684][0.795312,0.0787274,-0.601067][0.379602,0.841988,0][-0.480307,0.5102,-0.0966619][0.602687,0.795918,0.0572926][0.360454,0.837652,0][-0.480307,0.5102,-0.0966619][0.602687,0.795918,0.0572926][0.360454,0.837652,0][-0.397384,0.4293,-0.00458308][0.658663,0.725396,0.199907][0.389487,0.752161,0][-0.397314,0.409897,-0.0236894][0.771596,0.0911446,-0.629549][0.410738,0.755017,0][-0.480307,0.5102,-0.0966619][0.602687,0.795918,0.0572926][0.360454,0.837652,0][-0.517612,0.508345,-0.078233][-0.0367615,0.806214,0.59048][0.329833,0.834239,0][-0.441645,0.422051,0.0158371][-0.00135227,0.664608,0.747191][0.352711,0.750046,0][-0.441645,0.422051,0.0158371][-0.00135227,0.664608,0.747191][0.352711,0.750046,0][-0.397384,0.4293,-0.00458308][0.658663,0.725396,0.199907][0.389487,0.752161,0][-0.480307,0.5102,-0.0966619][0.602687,0.795918,0.0572926][0.360454,0.837652,0][-0.441645,0.422051,0.0158371][-0.00135227,0.664608,0.747191][0.352711,0.750046,0][-0.363863,0.303392,0.0989954][0.0612589,0.512974,0.856215][0.369609,0.654045,0][-0.316123,0.314203,0.0764105][0.741959,0.596753,0.305585][0.410222,0.655919,0][-0.316123,0.314203,0.0764105][0.741959,0.596753,0.305585][0.410222,0.655919,0][-0.397384,0.4293,-0.00458308][0.658663,0.725396,0.199907][0.389487,0.752161,0][-0.441645,0.422051,0.0158371][-0.00135227,0.664608,0.747191][0.352711,0.750046,0][-0.316123,0.314203,0.0764105][0.741959,0.596753,0.305585][0.410222,0.655919,0][-0.318908,0.297518,0.0540243][0.769419,0.0896512,-0.632421][0.431609,0.656799,0][-0.397314,0.409897,-0.0236894][0.771596,0.0911446,-0.629549][0.410738,0.755017,0][-0.397314,0.409897,-0.0236894][0.771596,0.0911446,-0.629549][0.410738,0.755017,0][-0.397384,0.4293,-0.00458308][0.658663,0.725396,0.199907][0.389487,0.752161,0][-0.316123,0.314203,0.0764105][0.741959,0.596753,0.305585][0.410222,0.655919,0][-0.547576,0.52999,-0.203058][0.774202,0.0544646,-0.63059][0.332172,0.914214,0][-0.607576,0.543443,-0.27018][0.542418,-0.00403674,-0.840099][0.30073,0.961287,0][-0.616658,0.565978,-0.263013][0.319838,0.803954,-0.50136][0.297507,0.956751,0][-0.616658,0.565978,-0.263013][0.319838,0.803954,-0.50136][0.297507,0.956751,0][-0.553923,0.552367,-0.192516][0.560958,0.802473,-0.203381][0.3269,0.908334,0][-0.547576,0.52999,-0.203058][0.774202,0.0544646,-0.63059][0.332172,0.914214,0][-0.616658,0.565978,-0.263013][0.319838,0.803954,-0.50136][0.297507,0.956751,0][-0.622714,0.567533,-0.230983][0.0417305,0.995758,0.0820096][0.286054,0.941384,0][-0.583123,0.557508,-0.174953][-0.00165828,0.942339,0.334655][0.302242,0.903458,0][-0.583123,0.557508,-0.174953][-0.00165828,0.942339,0.334655][0.302242,0.903458,0][-0.553923,0.552367,-0.192516][0.560958,0.802473,-0.203381][0.3269,0.908334,0][-0.616658,0.565978,-0.263013][0.319838,0.803954,-0.50136][0.297507,0.956751,0][-0.583123,0.557508,-0.174953][-0.00165828,0.942339,0.334655][0.302242,0.903458,0][-0.517612,0.508345,-0.078233][-0.0367615,0.806214,0.59048][0.329833,0.834239,0][-0.480307,0.5102,-0.0966619][0.602687,0.795918,0.0572926][0.360454,0.837652,0][-0.480307,0.5102,-0.0966619][0.602687,0.795918,0.0572926][0.360454,0.837652,0][-0.553923,0.552367,-0.192516][0.560958,0.802473,-0.203381][0.3269,0.908334,0][-0.583123,0.557508,-0.174953][-0.00165828,0.942339,0.334655][0.302242,0.903458,0][-0.480307,0.5102,-0.0966619][0.602687,0.795918,0.0572926][0.360454,0.837652,0][-0.477001,0.488784,-0.111684][0.795312,0.0787274,-0.601067][0.379602,0.841988,0][-0.547576,0.52999,-0.203058][0.774202,0.0544646,-0.63059][0.332172,0.914214,0][-0.547576,0.52999,-0.203058][0.774202,0.0544646,-0.63059][0.332172,0.914214,0][-0.553923,0.552367,-0.192516][0.560958,0.802473,-0.203381][0.3269,0.908334,0][-0.480307,0.5102,-0.0966619][0.602687,0.795918,0.0572926][0.360454,0.837652,0][-0.655535,0.539067,-0.285421][-0.0580375,-0.157312,-0.985842][0.21334,0.976594,0][-0.688276,0.511325,-0.256805][-0.503537,-0.458288,-0.732408][0.205236,0.95417,0][-0.70142,0.532244,-0.248964][-0.896891,0.243957,-0.368878][0.222524,0.950402,0][-0.70142,0.532244,-0.248964][-0.896891,0.243957,-0.368878][0.222524,0.950402,0][-0.666936,0.561209,-0.279019][-0.369296,0.628803,-0.684271][0.227725,0.976594,0][-0.655535,0.539067,-0.285421][-0.0580375,-0.157312,-0.985842][0.21334,0.976594,0][-0.70142,0.532244,-0.248964][-0.896891,0.243957,-0.368878][0.222524,0.950402,0][-0.696575,0.534962,-0.222242][-0.741411,0.629189,0.233304][0.222646,0.937833,0][-0.668325,0.565071,-0.240969][-0.402102,0.908046,0.117329][0.250944,0.958163,0][-0.668325,0.565071,-0.240969][-0.402102,0.908046,0.117329][0.250944,0.958163,0][-0.666936,0.561209,-0.279019][-0.369296,0.628803,-0.684271][0.227725,0.976594,0][-0.70142,0.532244,-0.248964][-0.896891,0.243957,-0.368878][0.222524,0.950402,0][-0.668325,0.565071,-0.240969][-0.402102,0.908046,0.117329][0.250944,0.958163,0][-0.622714,0.567533,-0.230983][0.0417305,0.995758,0.0820096][0.286054,0.941384,0][-0.616658,0.565978,-0.263013][0.319838,0.803954,-0.50136][0.297507,0.956751,0][-0.616658,0.565978,-0.263013][0.319838,0.803954,-0.50136][0.297507,0.956751,0][-0.666936,0.561209,-0.279019][-0.369296,0.628803,-0.684271][0.272316,0.976594,0][-0.668325,0.565071,-0.240969][-0.402102,0.908046,0.117329][0.250944,0.958163,0][-0.616658,0.565978,-0.263013][0.319838,0.803954,-0.50136][0.297507,0.956751,0][-0.607576,0.543443,-0.27018][0.542418,-0.00403674,-0.840099][0.30073,0.961287,0][-0.655535,0.539067,-0.285421][-0.0580375,-0.157312,-0.985842][0.296655,0.976594,0][-0.655535,0.539067,-0.285421][-0.0580375,-0.157312,-0.985842][0.296655,0.976594,0][-0.666936,0.561209,-0.279019][-0.369296,0.628803,-0.684271][0.272316,0.976594,0][-0.616658,0.565978,-0.263013][0.319838,0.803954,-0.50136][0.297507,0.956751,0][-0.702623,0.45468,-0.192357][-0.582632,-0.567329,-0.581961][0.17898,0.906773,0][-0.700643,0.373486,-0.109009][-0.595693,-0.580533,-0.555095][0.140219,0.837764,0][-0.715205,0.389099,-0.0938521][-0.995326,-0.0508608,0.0820948][0.159796,0.834664,0][-0.715205,0.389099,-0.0938521][-0.995326,-0.0508608,0.0820948][0.159796,0.834664,0][-0.716773,0.473266,-0.181277][-0.992052,-0.0264743,-0.123011][0.198296,0.902753,0][-0.702623,0.45468,-0.192357][-0.582632,-0.567329,-0.581961][0.17898,0.906773,0][-0.715205,0.389099,-0.0938521][-0.995326,-0.0508608,0.0820948][0.159796,0.834664,0][-0.693785,0.41752,-0.0761256][-0.629873,0.480073,0.610566][0.189606,0.832312,0][-0.70526,0.498182,-0.166524][-0.730872,0.549762,0.404459][0.211495,0.900017,0][-0.70526,0.498182,-0.166524][-0.730872,0.549762,0.404459][0.211495,0.900017,0][-0.716773,0.473266,-0.181277][-0.992052,-0.0264743,-0.123011][0.198296,0.902753,0][-0.715205,0.389099,-0.0938521][-0.995326,-0.0508608,0.0820948][0.159796,0.834664,0][-0.70526,0.498182,-0.166524][-0.730872,0.549762,0.404459][0.211495,0.900017,0][-0.696575,0.534962,-0.222242][-0.741411,0.629189,0.233304][0.222646,0.937833,0][-0.70142,0.532244,-0.248964][-0.896891,0.243957,-0.368878][0.222524,0.950402,0][-0.70142,0.532244,-0.248964][-0.896891,0.243957,-0.368878][0.222524,0.950402,0][-0.716773,0.473266,-0.181277][-0.992052,-0.0264743,-0.123011][0.198296,0.902753,0][-0.70526,0.498182,-0.166524][-0.730872,0.549762,0.404459][0.211495,0.900017,0][-0.70142,0.532244,-0.248964][-0.896891,0.243957,-0.368878][0.222524,0.950402,0][-0.688276,0.511325,-0.256805][-0.503537,-0.458288,-0.732408][0.205236,0.95417,0][-0.702623,0.45468,-0.192357][-0.582632,-0.567329,-0.581961][0.17898,0.906773,0][-0.702623,0.45468,-0.192357][-0.582632,-0.567329,-0.581961][0.17898,0.906773,0][-0.716773,0.473266,-0.181277][-0.992052,-0.0264743,-0.123011][0.198296,0.902753,0][-0.70142,0.532244,-0.248964][-0.896891,0.243957,-0.368878][0.222524,0.950402,0][-0.283029,-0.524153,0.263997][-0.415081,-0.722822,-0.552481][0.160361,0.0780323,0][-0.231869,-0.555818,0.286984][-0.12209,-0.902721,-0.41254][0.187365,0.0342453,0][-0.241192,-0.557345,0.306511][-0.318822,-0.924357,0.209562][0.207782,0.0421863,0][-0.241192,-0.557345,0.306511][-0.318822,-0.924357,0.209562][0.207782,0.0421863,0][-0.301581,-0.51576,0.290654][-0.778144,-0.576498,0.249284][0.182206,0.0931503,0][-0.283029,-0.524153,0.263997][-0.415081,-0.722822,-0.552481][0.160361,0.0780323,0][-0.234181,-0.548213,0.323792][-0.23433,-0.531299,0.814132][0.22884,0.0456363,0][-0.281392,-0.505308,0.315538][-0.457378,-0.136177,0.878784][0.209806,0.0928513,0][-0.301581,-0.51576,0.290654][-0.778144,-0.576498,0.249284][0.182206,0.0931503,0][-0.301581,-0.51576,0.290654][-0.778144,-0.576498,0.249284][0.182206,0.0931503,0][-0.241192,-0.557345,0.306511][-0.318822,-0.924357,0.209562][0.207782,0.0421863,0][-0.234181,-0.548213,0.323792][-0.23433,-0.531299,0.814132][0.22884,0.0456363,0][-0.193711,-0.553323,0.281667][0.199237,-0.838868,-0.506562][0.0261945,0.93885,0][-0.159372,-0.540618,0.286984][0.53112,-0.686322,-0.496864][0.011724,0.896416,0][-0.14931,-0.539005,0.306511][0.767266,-0.611485,0.193363][0.0273986,0.874814,0][-0.14931,-0.539005,0.306511][0.767266,-0.611485,0.193363][0.0273986,0.874814,0][-0.19329,-0.553009,0.307954][0.196102,-0.956938,0.214041][0.0538197,0.923472,0][-0.193711,-0.553323,0.281667][0.199237,-0.838868,-0.506562][0.0261945,0.93885,0][-0.14931,-0.539005,0.306511][0.767266,-0.611485,0.193363][0.0273986,0.874814,0][-0.161684,-0.533014,0.323792][0.478866,-0.329585,0.813671][0.0541363,0.874814,0][-0.196791,-0.543028,0.331354][0.0916794,-0.469807,0.877995][0.0818289,0.910461,0][-0.196791,-0.543028,0.331354][0.0916794,-0.469807,0.877995][0.0818289,0.910461,0][-0.19329,-0.553009,0.307954][0.196102,-0.956938,0.214041][0.0538197,0.923472,0][-0.14931,-0.539005,0.306511][0.767266,-0.611485,0.193363][0.0273986,0.874814,0][-0.196791,-0.543028,0.331354][0.0916794,-0.469807,0.877995][0.0818289,0.910461,0][-0.234181,-0.548213,0.323792][-0.23433,-0.531299,0.814132][0.0963647,0.954836,0][-0.241192,-0.557345,0.306511][-0.318822,-0.924357,0.209562][0.0807007,0.97456,0][-0.241192,-0.557345,0.306511][-0.318822,-0.924357,0.209562][0.0807007,0.97456,0][-0.19329,-0.553009,0.307954][0.196102,-0.956938,0.214041][0.0538197,0.923472,0][-0.196791,-0.543028,0.331354][0.0916794,-0.469807,0.877995][0.0818289,0.910461,0][-0.241192,-0.557345,0.306511][-0.318822,-0.924357,0.209562][0.0807007,0.97456,0][-0.231869,-0.555818,0.286984][-0.12209,-0.902721,-0.41254][0.0544457,0.976178,0][-0.193711,-0.553323,0.281667][0.199237,-0.838868,-0.506562][0.0261945,0.93885,0][-0.193711,-0.553323,0.281667][0.199237,-0.838868,-0.506562][0.0261945,0.93885,0][-0.19329,-0.553009,0.307954][0.196102,-0.956938,0.214041][0.0538197,0.923472,0][-0.241192,-0.557345,0.306511][-0.318822,-0.924357,0.209562][0.0807007,0.97456,0][-0.159372,-0.540618,0.286984][0.53112,-0.686322,-0.496864][0.351663,0.0303943,0][-0.139775,-0.488113,0.263997][0.691624,-0.369571,-0.620543][0.378031,0.0717593,0][-0.126831,-0.471714,0.290654][0.973068,-0.06394,0.221475][0.355271,0.0864733,0][-0.126831,-0.471714,0.290654][0.973068,-0.06394,0.221475][0.355271,0.0864733,0][-0.14931,-0.539005,0.306511][0.767266,-0.611485,0.193363][0.330648,0.0368653,0][-0.159372,-0.540618,0.286984][0.53112,-0.686322,-0.496864][0.351663,0.0303943,0][-0.15033,-0.472274,0.315538][0.459001,0.148104,0.876004][0.327172,0.0875853,0][-0.161684,-0.533014,0.323792][0.478866,-0.329585,0.813671][0.309454,0.0429273,0][-0.14931,-0.539005,0.306511][0.767266,-0.611485,0.193363][0.330648,0.0368653,0][-0.14931,-0.539005,0.306511][0.767266,-0.611485,0.193363][0.330648,0.0368653,0][-0.126831,-0.471714,0.290654][0.973068,-0.06394,0.221475][0.355271,0.0864733,0][-0.15033,-0.472274,0.315538][0.459001,0.148104,0.876004][0.327172,0.0875853,0][-0.337782,-0.446019,0.241812][-0.72716,-0.533837,-0.431574][0.136579,0.148047,0][-0.283029,-0.524153,0.263997][-0.415081,-0.722822,-0.552481][0.160361,0.0780323,0][-0.301581,-0.51576,0.290654][-0.778144,-0.576498,0.249284][0.182206,0.0931503,0][-0.301581,-0.51576,0.290654][-0.778144,-0.576498,0.249284][0.182206,0.0931503,0][-0.343582,-0.442216,0.267622][-0.868626,-0.360273,0.340137][0.161349,0.152194,0][-0.337782,-0.446019,0.241812][-0.72716,-0.533837,-0.431574][0.136579,0.148047,0][-0.301581,-0.51576,0.290654][-0.778144,-0.576498,0.249284][0.182206,0.0931503,0][-0.281392,-0.505308,0.315538][-0.457378,-0.136177,0.878784][0.209806,0.0928513,0][-0.318811,-0.430249,0.292588][-0.447815,0.0345316,0.893459][0.195734,0.152508,0][-0.318811,-0.430249,0.292588][-0.447815,0.0345316,0.893459][0.195734,0.152508,0][-0.343582,-0.442216,0.267622][-0.868626,-0.360273,0.340137][0.161349,0.152194,0][-0.301581,-0.51576,0.290654][-0.778144,-0.576498,0.249284][0.182206,0.0931503,0][-0.318811,-0.430249,0.292588][-0.447815,0.0345316,0.893459][0.195734,0.152508,0][-0.362708,-0.330203,0.265263][-0.408825,0.0531359,0.911064][0.181205,0.234502,0][-0.391876,-0.344317,0.240229][-0.883506,-0.311969,0.349419][0.14321,0.23418,0][-0.391876,-0.344317,0.240229][-0.883506,-0.311969,0.349419][0.14321,0.23418,0][-0.343582,-0.442216,0.267622][-0.868626,-0.360273,0.340137][0.161349,0.152194,0][-0.318811,-0.430249,0.292588][-0.447815,0.0345316,0.893459][0.195734,0.152508,0][-0.391876,-0.344317,0.240229][-0.883506,-0.311969,0.349419][0.14321,0.23418,0][-0.384729,-0.348917,0.214768][-0.73581,-0.463022,-0.49416][0.118625,0.230292,0][-0.337782,-0.446019,0.241812][-0.72716,-0.533837,-0.431574][0.136579,0.148047,0][-0.337782,-0.446019,0.241812][-0.72716,-0.533837,-0.431574][0.136579,0.148047,0][-0.343582,-0.442216,0.267622][-0.868626,-0.360273,0.340137][0.161349,0.152194,0][-0.391876,-0.344317,0.240229][-0.883506,-0.311969,0.349419][0.14321,0.23418,0][-0.136228,-0.389617,0.241812][0.837586,-0.0821236,-0.540097][0.402057,0.142995,0][-0.148961,-0.273481,0.214768][0.813226,-0.0144811,-0.581768][0.422862,0.230974,0][-0.144243,-0.265085,0.240229][0.920097,0.197962,0.337984][0.398542,0.235783,0][-0.144243,-0.265085,0.240229][0.920097,0.197962,0.337984][0.398542,0.235783,0][-0.131885,-0.382976,0.267622][0.934806,0.154576,0.319757][0.377479,0.147865,0][-0.136228,-0.389617,0.241812][0.837586,-0.0821236,-0.540097][0.402057,0.142995,0][-0.144243,-0.265085,0.240229][0.920097,0.197962,0.337984][0.398542,0.235783,0][-0.176983,-0.270779,0.265263][0.306708,0.244958,0.919742][0.360545,0.235716,0][-0.160038,-0.385819,0.292588][0.355877,0.262362,0.896949][0.342898,0.149361,0][-0.160038,-0.385819,0.292588][0.355877,0.262362,0.896949][0.342898,0.149361,0][-0.131885,-0.382976,0.267622][0.934806,0.154576,0.319757][0.377479,0.147865,0][-0.144243,-0.265085,0.240229][0.920097,0.197962,0.337984][0.398542,0.235783,0][-0.160038,-0.385819,0.292588][0.355877,0.262362,0.896949][0.342898,0.149361,0][-0.15033,-0.472274,0.315538][0.459001,0.148104,0.876004][0.327172,0.0875853,0][-0.126831,-0.471714,0.290654][0.973068,-0.06394,0.221475][0.355271,0.0864733,0][-0.126831,-0.471714,0.290654][0.973068,-0.06394,0.221475][0.355271,0.0864733,0][-0.131885,-0.382976,0.267622][0.934806,0.154576,0.319757][0.377479,0.147865,0][-0.160038,-0.385819,0.292588][0.355877,0.262362,0.896949][0.342898,0.149361,0][-0.126831,-0.471714,0.290654][0.973068,-0.06394,0.221475][0.355271,0.0864733,0][-0.139775,-0.488113,0.263997][0.691624,-0.369571,-0.620543][0.378031,0.0717593,0][-0.136228,-0.389617,0.241812][0.837586,-0.0821236,-0.540097][0.402057,0.142995,0][-0.136228,-0.389617,0.241812][0.837586,-0.0821236,-0.540097][0.402057,0.142995,0][-0.131885,-0.382976,0.267622][0.934806,0.154576,0.319757][0.377479,0.147865,0][-0.126831,-0.471714,0.290654][0.973068,-0.06394,0.221475][0.355271,0.0864733,0][-0.570293,0.0152917,0.114554][-0.635121,-0.563441,-0.528351][0.0913008,0.547817,0][-0.49036,-0.121675,0.159397][-0.67946,-0.517849,-0.519776][0.0953418,0.426139,0][-0.499371,-0.117006,0.184863][-0.853605,-0.334012,0.399743][0.120639,0.428607,0][-0.499371,-0.117006,0.184863][-0.853605,-0.334012,0.399743][0.120639,0.428607,0][-0.581618,0.0218301,0.139009][-0.855011,-0.327098,0.402446][0.11562,0.549659,0][-0.570293,0.0152917,0.114554][-0.635121,-0.563441,-0.528351][0.0913008,0.547817,0][-0.499371,-0.117006,0.184863][-0.853605,-0.334012,0.399743][0.120639,0.428607,0][-0.46394,-0.095892,0.209595][-0.362389,0.084298,0.928207][0.165173,0.427927,0][-0.5435,0.0464244,0.16298][-0.373203,0.146717,0.916075][0.158575,0.546334,0][-0.5435,0.0464244,0.16298][-0.373203,0.146717,0.916075][0.158575,0.546334,0][-0.581618,0.0218301,0.139009][-0.855011,-0.327098,0.402446][0.11562,0.549659,0][-0.499371,-0.117006,0.184863][-0.853605,-0.334012,0.399743][0.120639,0.428607,0][-0.5435,0.0464244,0.16298][-0.373203,0.146717,0.916075][0.158575,0.546334,0][-0.620105,0.18888,0.0989954][-0.42767,0.279668,0.859584][0.161836,0.657741,0][-0.657778,0.16152,0.0764105][-0.914381,-0.211872,0.344989][0.12249,0.661042,0][-0.657778,0.16152,0.0764105][-0.914381,-0.211872,0.344989][0.12249,0.661042,0][-0.581618,0.0218301,0.139009][-0.855011,-0.327098,0.402446][0.11562,0.549659,0][-0.5435,0.0464244,0.16298][-0.373203,0.146717,0.916075][0.158575,0.546334,0][-0.657778,0.16152,0.0764105][-0.914381,-0.211872,0.344989][0.12249,0.661042,0][-0.644192,0.152152,0.0540243][-0.62097,-0.571615,-0.536333][0.100905,0.661119,0][-0.570293,0.0152917,0.114554][-0.635121,-0.563441,-0.528351][0.0913008,0.547817,0][-0.570293,0.0152917,0.114554][-0.635121,-0.563441,-0.528351][0.0913008,0.547817,0][-0.581618,0.0218301,0.139009][-0.855011,-0.327098,0.402446][0.11562,0.549659,0][-0.657778,0.16152,0.0764105][-0.914381,-0.211872,0.344989][0.12249,0.661042,0][-0.252177,0.155834,0.114554][0.767937,0.0788445,-0.635654][0.444022,0.54854,0][-0.318908,0.297518,0.0540243][0.769419,0.0896512,-0.632421][0.431609,0.656799,0][-0.316123,0.314203,0.0764105][0.741959,0.596753,0.305585][0.410222,0.655919,0][-0.316123,0.314203,0.0764105][0.741959,0.596753,0.305585][0.410222,0.655919,0][-0.247492,0.169445,0.139009][0.814548,0.459138,0.354548][0.42047,0.549426,0][-0.252177,0.155834,0.114554][0.767937,0.0788445,-0.635654][0.444022,0.54854,0][-0.316123,0.314203,0.0764105][0.741959,0.596753,0.305585][0.410222,0.655919,0][-0.363863,0.303392,0.0989954][0.0612589,0.512974,0.856215][0.369609,0.654045,0][-0.292905,0.157135,0.16298][0.133944,0.387563,0.91206][0.378155,0.546728,0][-0.292905,0.157135,0.16298][0.133944,0.387563,0.91206][0.378155,0.546728,0][-0.247492,0.169445,0.139009][0.814548,0.459138,0.354548][0.42047,0.549426,0][-0.316123,0.314203,0.0764105][0.741959,0.596753,0.305585][0.410222,0.655919,0][-0.292905,0.157135,0.16298][0.133944,0.387563,0.91206][0.378155,0.546728,0][-0.235836,0.00266743,0.209594][0.202987,0.302312,0.931345][0.379825,0.43526,0][-0.195233,0.0144072,0.184863][0.865822,0.346223,0.361223][0.420463,0.438064,0][-0.195233,0.0144072,0.184863][0.865822,0.346223,0.361223][0.420463,0.438064,0][-0.247492,0.169445,0.139009][0.814548,0.459138,0.354548][0.42047,0.549426,0][-0.292905,0.157135,0.16298][0.133944,0.387563,0.91206][0.378155,0.546728,0][-0.195233,0.0144072,0.184863][0.865822,0.346223,0.361223][0.420463,0.438064,0][-0.200795,0.00344133,0.159397][0.778428,0.0571661,-0.625125][0.443997,0.435605,0][-0.252177,0.155834,0.114554][0.767937,0.0788445,-0.635654][0.444022,0.54854,0][-0.252177,0.155834,0.114554][0.767937,0.0788445,-0.635654][0.444022,0.54854,0][-0.247492,0.169445,0.139009][0.814548,0.459138,0.354548][0.42047,0.549426,0][-0.195233,0.0144072,0.184863][0.865822,0.346223,0.361223][0.420463,0.438064,0][-0.168437,-0.141063,0.190049][0.792822,0.0242992,-0.608968][0.436727,0.329843,0][-0.200795,0.00344133,0.159397][0.778428,0.0571661,-0.625125][0.443997,0.435605,0][-0.195233,0.0144072,0.184863][0.865822,0.346223,0.361223][0.420463,0.438064,0][-0.195233,0.0144072,0.184863][0.865822,0.346223,0.361223][0.420463,0.438064,0][-0.163087,-0.131531,0.215623][0.903766,0.236869,0.356511][0.412506,0.333943,0][-0.168437,-0.141063,0.190049][0.792822,0.0242992,-0.608968][0.436727,0.329843,0][-0.195233,0.0144072,0.184863][0.865822,0.346223,0.361223][0.420463,0.438064,0][-0.235836,0.00266743,0.209594][0.202987,0.302312,0.931345][0.379825,0.43526,0][-0.199722,-0.140627,0.240644][0.265831,0.24033,0.933582][0.372891,0.331872,0][-0.199722,-0.140627,0.240644][0.265831,0.24033,0.933582][0.372891,0.331872,0][-0.163087,-0.131531,0.215623][0.903766,0.236869,0.356511][0.412506,0.333943,0][-0.195233,0.0144072,0.184863][0.865822,0.346223,0.361223][0.420463,0.438064,0][-0.199722,-0.140627,0.240644][0.265831,0.24033,0.933582][0.372891,0.331872,0][-0.176983,-0.270779,0.265263][0.306708,0.244958,0.919742][0.360545,0.235716,0][-0.144243,-0.265085,0.240229][0.920097,0.197962,0.337984][0.398542,0.235783,0][-0.144243,-0.265085,0.240229][0.920097,0.197962,0.337984][0.398542,0.235783,0][-0.163087,-0.131531,0.215623][0.903766,0.236869,0.356511][0.412506,0.333943,0][-0.199722,-0.140627,0.240644][0.265831,0.24033,0.933582][0.372891,0.331872,0][-0.144243,-0.265085,0.240229][0.920097,0.197962,0.337984][0.398542,0.235783,0][-0.148961,-0.273481,0.214768][0.813226,-0.0144811,-0.581768][0.422862,0.230974,0][-0.168437,-0.141063,0.190049][0.792822,0.0242992,-0.608968][0.436727,0.329843,0][-0.168437,-0.141063,0.190049][0.792822,0.0242992,-0.608968][0.436727,0.329843,0][-0.163087,-0.131531,0.215623][0.903766,0.236869,0.356511][0.412506,0.333943,0][-0.144243,-0.265085,0.240229][0.920097,0.197962,0.337984][0.398542,0.235783,0][-0.432047,-0.24194,0.190049][-0.719491,-0.46148,-0.519008][0.105489,0.320687,0][-0.384729,-0.348917,0.214768][-0.73581,-0.463022,-0.49416][0.118625,0.230292,0][-0.391876,-0.344317,0.240229][-0.883506,-0.311969,0.349419][0.14321,0.23418,0][-0.391876,-0.344317,0.240229][-0.883506,-0.311969,0.349419][0.14321,0.23418,0][-0.439965,-0.237484,0.215623][-0.869405,-0.318797,0.377497][0.13088,0.324016,0][-0.432047,-0.24194,0.190049][-0.719491,-0.46148,-0.519008][0.105489,0.320687,0][-0.391876,-0.344317,0.240229][-0.883506,-0.311969,0.349419][0.14321,0.23418,0][-0.362708,-0.330203,0.265263][-0.408825,0.0531359,0.911064][0.181205,0.234502,0][-0.40738,-0.220093,0.240644][-0.374703,0.0503244,0.925778][0.172349,0.32449,0][-0.40738,-0.220093,0.240644][-0.374703,0.0503244,0.925778][0.172349,0.32449,0][-0.439965,-0.237484,0.215623][-0.869405,-0.318797,0.377497][0.13088,0.324016,0][-0.391876,-0.344317,0.240229][-0.883506,-0.311969,0.349419][0.14321,0.23418,0][-0.40738,-0.220093,0.240644][-0.374703,0.0503244,0.925778][0.172349,0.32449,0][-0.46394,-0.095892,0.209595][-0.362389,0.084298,0.928207][0.165173,0.427927,0][-0.499371,-0.117006,0.184863][-0.853605,-0.334012,0.399743][0.120639,0.428607,0][-0.499371,-0.117006,0.184863][-0.853605,-0.334012,0.399743][0.120639,0.428607,0][-0.439965,-0.237484,0.215623][-0.869405,-0.318797,0.377497][0.13088,0.324016,0][-0.40738,-0.220093,0.240644][-0.374703,0.0503244,0.925778][0.172349,0.32449,0][-0.499371,-0.117006,0.184863][-0.853605,-0.334012,0.399743][0.120639,0.428607,0][-0.49036,-0.121675,0.159397][-0.67946,-0.517849,-0.519776][0.0953418,0.426139,0][-0.432047,-0.24194,0.190049][-0.719491,-0.46148,-0.519008][0.105489,0.320687,0][-0.432047,-0.24194,0.190049][-0.719491,-0.46148,-0.519008][0.105489,0.320687,0][-0.439965,-0.237484,0.215623][-0.869405,-0.318797,0.377497][0.13088,0.324016,0][-0.499371,-0.117006,0.184863][-0.853605,-0.334012,0.399743][0.120639,0.428607,0][-0.397314,0.409897,-0.0236894][0.771596,0.0911446,-0.629549][0.410738,0.755017,0][-0.318908,0.297518,0.0540243][0.769419,0.0896512,-0.632421][0.431609,0.656799,0][-0.340686,0.269528,0.0470919][0.503274,-0.16746,-0.847745][0.461178,0.65372,0][-0.340686,0.269528,0.0470919][0.503274,-0.16746,-0.847745][0.461178,0.65372,0][-0.41462,0.380606,-0.0265546][0.54576,-0.232657,-0.804995][0.437746,0.754233,0][-0.397314,0.409897,-0.0236894][0.771596,0.0911446,-0.629549][0.410738,0.755017,0][-0.340686,0.269528,0.0470919][0.503274,-0.16746,-0.847745][0.461178,0.65372,0][-0.371754,0.240309,0.0337313][0.511382,-0.157459,-0.844805][0.498453,0.654932,0][-0.440521,0.350593,-0.0360573][0.553344,-0.226249,-0.801637][0.472543,0.76021,0][-0.440521,0.350593,-0.0360573][0.553344,-0.226249,-0.801637][0.472543,0.76021,0][-0.41462,0.380606,-0.0265546][0.54576,-0.232657,-0.804995][0.437746,0.754233,0][-0.340686,0.269528,0.0470919][0.503274,-0.16746,-0.847745][0.461178,0.65372,0][-0.440521,0.350593,-0.0360573][0.553344,-0.226249,-0.801637][0.472543,0.76021,0][-0.506872,0.431405,-0.11165][0.594697,-0.306704,-0.743147][0.43291,0.849003,0][-0.488263,0.45996,-0.108544][0.600202,-0.315243,-0.735105][0.405647,0.842589,0][-0.488263,0.45996,-0.108544][0.600202,-0.315243,-0.735105][0.405647,0.842589,0][-0.41462,0.380606,-0.0265546][0.54576,-0.232657,-0.804995][0.437746,0.754233,0][-0.440521,0.350593,-0.0360573][0.553344,-0.226249,-0.801637][0.472543,0.76021,0][-0.488263,0.45996,-0.108544][0.600202,-0.315243,-0.735105][0.405647,0.842589,0][-0.477001,0.488784,-0.111684][0.795312,0.0787274,-0.601067][0.379602,0.841988,0][-0.397314,0.409897,-0.0236894][0.771596,0.0911446,-0.629549][0.410738,0.755017,0][-0.397314,0.409897,-0.0236894][0.771596,0.0911446,-0.629549][0.410738,0.755017,0][-0.41462,0.380606,-0.0265546][0.54576,-0.232657,-0.804995][0.437746,0.754233,0][-0.488263,0.45996,-0.108544][0.600202,-0.315243,-0.735105][0.405647,0.842589,0][-0.684404,0.272097,-0.0236894][-0.608063,-0.566867,-0.555807][0.116124,0.755251,0][-0.700643,0.373486,-0.109009][-0.595693,-0.580533,-0.555095][0.140219,0.837764,0][-0.678139,0.36207,-0.106273][-0.249297,-0.663074,-0.705822][0.1198,0.834269,0][-0.678139,0.36207,-0.106273][-0.249297,-0.663074,-0.705822][0.1198,0.834269,0][-0.658364,0.263611,-0.0265545][-0.279144,-0.605744,-0.745086][0.0948926,0.751185,0][-0.684404,0.272097,-0.0236894][-0.608063,-0.566867,-0.555807][0.116124,0.755251,0][-0.678139,0.36207,-0.106273][-0.249297,-0.663074,-0.705822][0.1198,0.834269,0][-0.652419,0.356369,-0.109909][-0.24625,-0.655734,-0.713704][0.0987629,0.836117,0][-0.62736,0.260912,-0.0360573][-0.280914,-0.605688,-0.744466][0.0670289,0.753106,0][-0.62736,0.260912,-0.0360573][-0.280914,-0.605688,-0.744466][0.0670289,0.753106,0][-0.658364,0.263611,-0.0265545][-0.279144,-0.605744,-0.745086][0.0948926,0.751185,0][-0.678139,0.36207,-0.106273][-0.249297,-0.663074,-0.705822][0.1198,0.834269,0][-0.62736,0.260912,-0.0360573][-0.280914,-0.605688,-0.744466][0.0670289,0.753106,0][-0.58345,0.145705,0.0337313][-0.318656,-0.537937,-0.780437][0.0476195,0.65226,0][-0.616857,0.14611,0.047092][-0.317371,-0.547131,-0.774547][0.0779826,0.654833,0][-0.616857,0.14611,0.047092][-0.317371,-0.547131,-0.774547][0.0779826,0.654833,0][-0.658364,0.263611,-0.0265545][-0.279144,-0.605744,-0.745086][0.0948926,0.751185,0][-0.62736,0.260912,-0.0360573][-0.280914,-0.605688,-0.744466][0.0670289,0.753106,0][-0.616857,0.14611,0.047092][-0.317371,-0.547131,-0.774547][0.0779826,0.654833,0][-0.644192,0.152152,0.0540243][-0.62097,-0.571615,-0.536333][0.100905,0.661119,0][-0.684404,0.272097,-0.0236894][-0.608063,-0.566867,-0.555807][0.116124,0.755251,0][-0.684404,0.272097,-0.0236894][-0.608063,-0.566867,-0.555807][0.116124,0.755251,0][-0.658364,0.263611,-0.0265545][-0.279144,-0.605744,-0.745086][0.0948926,0.751185,0][-0.616857,0.14611,0.047092][-0.317371,-0.547131,-0.774547][0.0779826,0.654833,0][-0.702623,0.45468,-0.192357][-0.582632,-0.567329,-0.581961][0.17898,0.906773,0][-0.688276,0.511325,-0.256805][-0.503537,-0.458288,-0.732408][0.205236,0.95417,0][-0.673758,0.491439,-0.240654][-0.15962,-0.686208,-0.709676][0.184682,0.94842,0][-0.673758,0.491439,-0.240654][-0.15962,-0.686208,-0.709676][0.184682,0.94842,0][-0.683756,0.438997,-0.18251][-0.220126,-0.699332,-0.680059][0.159937,0.900825,0][-0.702623,0.45468,-0.192357][-0.582632,-0.567329,-0.581961][0.17898,0.906773,0][-0.673758,0.491439,-0.240654][-0.15962,-0.686208,-0.709676][0.184682,0.94842,0][-0.659151,0.475503,-0.228529][-0.172454,-0.691688,-0.701304][0.165746,0.942822,0][-0.66322,0.42826,-0.177944][-0.216405,-0.698429,-0.682178][0.140037,0.899492,0][-0.66322,0.42826,-0.177944][-0.216405,-0.698429,-0.682178][0.140037,0.899492,0][-0.683756,0.438997,-0.18251][-0.220126,-0.699332,-0.680059][0.159937,0.900825,0][-0.673758,0.491439,-0.240654][-0.15962,-0.686208,-0.709676][0.184682,0.94842,0][-0.66322,0.42826,-0.177944][-0.216405,-0.698429,-0.682178][0.140037,0.899492,0][-0.652419,0.356369,-0.109909][-0.24625,-0.655734,-0.713704][0.0987629,0.836117,0][-0.678139,0.36207,-0.106273][-0.249297,-0.663074,-0.705822][0.1198,0.834269,0][-0.678139,0.36207,-0.106273][-0.249297,-0.663074,-0.705822][0.1198,0.834269,0][-0.683756,0.438997,-0.18251][-0.220126,-0.699332,-0.680059][0.159937,0.900825,0][-0.66322,0.42826,-0.177944][-0.216405,-0.698429,-0.682178][0.140037,0.899492,0][-0.678139,0.36207,-0.106273][-0.249297,-0.663074,-0.705822][0.1198,0.834269,0][-0.700643,0.373486,-0.109009][-0.595693,-0.580533,-0.555095][0.140219,0.837764,0][-0.702623,0.45468,-0.192357][-0.582632,-0.567329,-0.581961][0.17898,0.906773,0][-0.702623,0.45468,-0.192357][-0.582632,-0.567329,-0.581961][0.17898,0.906773,0][-0.683756,0.438997,-0.18251][-0.220126,-0.699332,-0.680059][0.159937,0.900825,0][-0.678139,0.36207,-0.106273][-0.249297,-0.663074,-0.705822][0.1198,0.834269,0][-0.655535,0.539067,-0.285421][-0.0580375,-0.157312,-0.985842][0.296655,0.976594,0][-0.607576,0.543443,-0.27018][0.542418,-0.00403674,-0.840099][0.30073,0.961287,0][-0.605242,0.518707,-0.25201][0.474541,-0.491648,-0.730133][0.323314,0.962077,0][-0.605242,0.518707,-0.25201][0.474541,-0.491648,-0.730133][0.323314,0.962077,0][-0.646687,0.516442,-0.266092][0.107591,-0.617499,-0.779179][0.310696,0.976594,0][-0.655535,0.539067,-0.285421][-0.0580375,-0.157312,-0.985842][0.296655,0.976594,0][-0.605242,0.518707,-0.25201][0.474541,-0.491648,-0.730133][0.323314,0.962077,0][-0.606631,0.496405,-0.237233][0.473916,-0.506699,-0.72018][0.345616,0.96258,0][-0.639599,0.497017,-0.250033][0.0914582,-0.614642,-0.783486][0.33322,0.976594,0][-0.639599,0.497017,-0.250033][0.0914582,-0.614642,-0.783486][0.33322,0.976594,0][-0.646687,0.516442,-0.266092][0.107591,-0.617499,-0.779179][0.310696,0.976594,0][-0.605242,0.518707,-0.25201][0.474541,-0.491648,-0.730133][0.323314,0.962077,0][-0.639599,0.497017,-0.250033][0.0914582,-0.614642,-0.783486][0.1718,0.967655,0][-0.659151,0.475503,-0.228529][-0.172454,-0.691688,-0.701304][0.165746,0.942822,0][-0.673758,0.491439,-0.240654][-0.15962,-0.686208,-0.709676][0.184682,0.94842,0][-0.673758,0.491439,-0.240654][-0.15962,-0.686208,-0.709676][0.184682,0.94842,0][-0.646687,0.516442,-0.266092][0.107591,-0.617499,-0.779179][0.18995,0.976594,0][-0.639599,0.497017,-0.250033][0.0914582,-0.614642,-0.783486][0.1718,0.967655,0][-0.673758,0.491439,-0.240654][-0.15962,-0.686208,-0.709676][0.184682,0.94842,0][-0.688276,0.511325,-0.256805][-0.503537,-0.458288,-0.732408][0.205236,0.95417,0][-0.655535,0.539067,-0.285421][-0.0580375,-0.157312,-0.985842][0.21334,0.976594,0][-0.655535,0.539067,-0.285421][-0.0580375,-0.157312,-0.985842][0.21334,0.976594,0][-0.646687,0.516442,-0.266092][0.107591,-0.617499,-0.779179][0.18995,0.976594,0][-0.673758,0.491439,-0.240654][-0.15962,-0.686208,-0.709676][0.184682,0.94842,0][-0.547576,0.52999,-0.203058][0.774202,0.0544646,-0.63059][0.332172,0.914214,0][-0.477001,0.488784,-0.111684][0.795312,0.0787274,-0.601067][0.379602,0.841988,0][-0.488263,0.45996,-0.108544][0.600202,-0.315243,-0.735105][0.405647,0.842589,0][-0.488263,0.45996,-0.108544][0.600202,-0.315243,-0.735105][0.405647,0.842589,0][-0.552119,0.502937,-0.191595][0.621744,-0.403835,-0.671082][0.355549,0.913191,0][-0.547576,0.52999,-0.203058][0.774202,0.0544646,-0.63059][0.332172,0.914214,0][-0.488263,0.45996,-0.108544][0.600202,-0.315243,-0.735105][0.405647,0.842589,0][-0.506872,0.431405,-0.11165][0.594697,-0.306704,-0.743147][0.43291,0.849003,0][-0.562315,0.477272,-0.184908][0.612278,-0.414796,-0.673097][0.380315,0.917593,0][-0.562315,0.477272,-0.184908][0.612278,-0.414796,-0.673097][0.380315,0.917593,0][-0.552119,0.502937,-0.191595][0.621744,-0.403835,-0.671082][0.355549,0.913191,0][-0.488263,0.45996,-0.108544][0.600202,-0.315243,-0.735105][0.405647,0.842589,0][-0.562315,0.477272,-0.184908][0.612278,-0.414796,-0.673097][0.380315,0.917593,0][-0.606631,0.496405,-0.237233][0.473916,-0.506699,-0.72018][0.345616,0.96258,0][-0.605242,0.518707,-0.25201][0.474541,-0.491648,-0.730133][0.323314,0.962077,0][-0.605242,0.518707,-0.25201][0.474541,-0.491648,-0.730133][0.323314,0.962077,0][-0.552119,0.502937,-0.191595][0.621744,-0.403835,-0.671082][0.355549,0.913191,0][-0.562315,0.477272,-0.184908][0.612278,-0.414796,-0.673097][0.380315,0.917593,0][-0.605242,0.518707,-0.25201][0.474541,-0.491648,-0.730133][0.323314,0.962077,0][-0.607576,0.543443,-0.27018][0.542418,-0.00403674,-0.840099][0.30073,0.961287,0][-0.547576,0.52999,-0.203058][0.774202,0.0544646,-0.63059][0.332172,0.914214,0][-0.547576,0.52999,-0.203058][0.774202,0.0544646,-0.63059][0.332172,0.914214,0][-0.552119,0.502937,-0.191595][0.621744,-0.403835,-0.671082][0.355549,0.913191,0][-0.605242,0.518707,-0.25201][0.474541,-0.491648,-0.730133][0.323314,0.962077,0][-0.136228,-0.389617,0.241812][0.837586,-0.0821236,-0.540097][0.402057,0.142995,0][-0.139775,-0.488113,0.263997][0.691624,-0.369571,-0.620543][0.378031,0.0717593,0][-0.163569,-0.477044,0.250592][0.427864,-0.386328,-0.817119][0.404956,0.0716513,0][-0.163569,-0.477044,0.250592][0.427864,-0.386328,-0.817119][0.404956,0.0716513,0][-0.15377,-0.397377,0.230958][0.575123,-0.19683,-0.794035][0.420491,0.135946,0][-0.136228,-0.389617,0.241812][0.837586,-0.0821236,-0.540097][0.402057,0.142995,0][-0.163569,-0.477044,0.250592][0.427864,-0.386328,-0.817119][0.404956,0.0716513,0][-0.182886,-0.470962,0.231754][0.555938,-0.432628,-0.709765][0.432676,0.0707773,0][-0.177964,-0.400129,0.214281][0.575474,-0.183287,-0.797017][0.449345,0.132455,0][-0.177964,-0.400129,0.214281][0.575474,-0.183287,-0.797017][0.449345,0.132455,0][-0.15377,-0.397377,0.230958][0.575123,-0.19683,-0.794035][0.420491,0.135946,0][-0.163569,-0.477044,0.250592][0.427864,-0.386328,-0.817119][0.404956,0.0716513,0][-0.177964,-0.400129,0.214281][0.575474,-0.183287,-0.797017][0.449345,0.132455,0][-0.193922,-0.298868,0.190241][0.525207,-0.0940804,-0.845758][0.471705,0.214293,0][-0.16788,-0.287442,0.205142][0.522338,-0.104499,-0.846311][0.443513,0.221434,0][-0.16788,-0.287442,0.205142][0.522338,-0.104499,-0.846311][0.443513,0.221434,0][-0.15377,-0.397377,0.230958][0.575123,-0.19683,-0.794035][0.420491,0.135946,0][-0.177964,-0.400129,0.214281][0.575474,-0.183287,-0.797017][0.449345,0.132455,0][-0.16788,-0.287442,0.205142][0.522338,-0.104499,-0.846311][0.443513,0.221434,0][-0.148961,-0.273481,0.214768][0.813226,-0.0144811,-0.581768][0.422862,0.230974,0][-0.136228,-0.389617,0.241812][0.837586,-0.0821236,-0.540097][0.402057,0.142995,0][-0.136228,-0.389617,0.241812][0.837586,-0.0821236,-0.540097][0.402057,0.142995,0][-0.15377,-0.397377,0.230958][0.575123,-0.19683,-0.794035][0.420491,0.135946,0][-0.16788,-0.287442,0.205142][0.522338,-0.104499,-0.846311][0.443513,0.221434,0][-0.206452,-0.524434,0.263177][0.12979,-0.494418,-0.85948][0.142157,0.0228113,0][-0.283029,-0.524153,0.263997][-0.415081,-0.722822,-0.552481][0.160361,0.0780323,0][-0.276034,-0.506238,0.250592][-0.242686,-0.625938,-0.741151][0.139522,0.0807983,0][-0.276034,-0.506238,0.250592][-0.242686,-0.625938,-0.741151][0.139522,0.0807983,0][-0.213292,-0.515081,0.257137][0.149371,-0.624284,-0.766784][0.133553,0.0303673,0][-0.206452,-0.524434,0.263177][0.12979,-0.494418,-0.85948][0.142157,0.0228113,0][-0.276034,-0.506238,0.250592][-0.242686,-0.625938,-0.741151][0.139522,0.0807983,0][-0.269095,-0.49334,0.231754][-0.360586,-0.702359,-0.613734][0.115837,0.0830393,0][-0.220137,-0.503374,0.237579][0.173389,-0.802218,-0.571299][0.114059,0.0401973,0][-0.220137,-0.503374,0.237579][0.173389,-0.802218,-0.571299][0.114059,0.0401973,0][-0.213292,-0.515081,0.257137][0.149371,-0.624284,-0.766784][0.133553,0.0303673,0][-0.276034,-0.506238,0.250592][-0.242686,-0.625938,-0.741151][0.139522,0.0807983,0][-0.220137,-0.503374,0.237579][0.173389,-0.802218,-0.571299][0.43986,0.0301553,0][-0.182886,-0.470962,0.231754][0.555938,-0.432628,-0.709765][0.432676,0.0707773,0][-0.163569,-0.477044,0.250592][0.427864,-0.386328,-0.817119][0.404956,0.0716513,0][-0.163569,-0.477044,0.250592][0.427864,-0.386328,-0.817119][0.404956,0.0716513,0][-0.213292,-0.515081,0.257137][0.149371,-0.624284,-0.766784][0.41898,0.0229503,0][-0.220137,-0.503374,0.237579][0.173389,-0.802218,-0.571299][0.43986,0.0301553,0][-0.163569,-0.477044,0.250592][0.427864,-0.386328,-0.817119][0.404956,0.0716513,0][-0.139775,-0.488113,0.263997][0.691624,-0.369571,-0.620543][0.378031,0.0717593,0][-0.206452,-0.524434,0.263177][0.12979,-0.494418,-0.85948][0.406954,0.0197773,0][-0.206452,-0.524434,0.263177][0.12979,-0.494418,-0.85948][0.406954,0.0197773,0][-0.213292,-0.515081,0.257137][0.149371,-0.624284,-0.766784][0.41898,0.0229503,0][-0.163569,-0.477044,0.250592][0.427864,-0.386328,-0.817119][0.404956,0.0716513,0][-0.337782,-0.446019,0.241812][-0.72716,-0.533837,-0.431574][0.136579,0.148047,0][-0.384729,-0.348917,0.214768][-0.73581,-0.463022,-0.49416][0.118625,0.230292,0][-0.368051,-0.351488,0.205142][-0.496874,-0.415862,-0.761693][0.102617,0.223053,0][-0.368051,-0.351488,0.205142][-0.496874,-0.415862,-0.761693][0.102617,0.223053,0][-0.324892,-0.445263,0.230958][-0.503594,-0.525512,-0.685733][0.122334,0.143018,0][-0.337782,-0.446019,0.241812][-0.72716,-0.533837,-0.431574][0.136579,0.148047,0][-0.368051,-0.351488,0.205142][-0.496874,-0.415862,-0.761693][0.102617,0.223053,0][-0.34736,-0.347962,0.190241][-0.48906,-0.401814,-0.774187][0.0792694,0.218619,0][-0.309136,-0.436836,0.214281][-0.493173,-0.501653,-0.710721][0.0984065,0.141774,0][-0.309136,-0.436836,0.214281][-0.493173,-0.501653,-0.710721][0.0984065,0.141774,0][-0.324892,-0.445263,0.230958][-0.503594,-0.525512,-0.685733][0.122334,0.143018,0][-0.368051,-0.351488,0.205142][-0.496874,-0.415862,-0.761693][0.102617,0.223053,0][-0.309136,-0.436836,0.214281][-0.493173,-0.501653,-0.710721][0.0984065,0.141774,0][-0.269095,-0.49334,0.231754][-0.360586,-0.702359,-0.613734][0.115837,0.0830393,0][-0.276034,-0.506238,0.250592][-0.242686,-0.625938,-0.741151][0.139522,0.0807983,0][-0.276034,-0.506238,0.250592][-0.242686,-0.625938,-0.741151][0.139522,0.0807983,0][-0.324892,-0.445263,0.230958][-0.503594,-0.525512,-0.685733][0.122334,0.143018,0][-0.309136,-0.436836,0.214281][-0.493173,-0.501653,-0.710721][0.0984065,0.141774,0][-0.276034,-0.506238,0.250592][-0.242686,-0.625938,-0.741151][0.139522,0.0807983,0][-0.283029,-0.524153,0.263997][-0.415081,-0.722822,-0.552481][0.160361,0.0780323,0][-0.337782,-0.446019,0.241812][-0.72716,-0.533837,-0.431574][0.136579,0.148047,0][-0.337782,-0.446019,0.241812][-0.72716,-0.533837,-0.431574][0.136579,0.148047,0][-0.324892,-0.445263,0.230958][-0.503594,-0.525512,-0.685733][0.122334,0.143018,0][-0.276034,-0.506238,0.250592][-0.242686,-0.625938,-0.741151][0.139522,0.0807983,0][-0.252177,0.155834,0.114554][0.767937,0.0788445,-0.635654][0.444022,0.54854,0][-0.200795,0.00344133,0.159397][0.778428,0.0571661,-0.625125][0.443997,0.435605,0][-0.22438,-0.0169578,0.148953][0.475159,-0.0845291,-0.87583][0.471115,0.427586,0][-0.22438,-0.0169578,0.148953][0.475159,-0.0845291,-0.87583][0.471115,0.427586,0][-0.27596,0.131379,0.105114][0.47854,-0.113536,-0.870695][0.472378,0.542373,0][-0.252177,0.155834,0.114554][0.767937,0.0788445,-0.635654][0.444022,0.54854,0][-0.22438,-0.0169578,0.148953][0.475159,-0.0845291,-0.87583][0.471115,0.427586,0][-0.2568,-0.0374126,0.132795][0.483511,-0.0776244,-0.87189][0.507121,0.421523,0][-0.309065,0.106027,0.0895747][0.488659,-0.107117,-0.865874][0.511917,0.53952,0][-0.309065,0.106027,0.0895747][0.488659,-0.107117,-0.865874][0.511917,0.53952,0][-0.27596,0.131379,0.105114][0.47854,-0.113536,-0.870695][0.472378,0.542373,0][-0.22438,-0.0169578,0.148953][0.475159,-0.0845291,-0.87583][0.471115,0.427586,0][-0.309065,0.106027,0.0895747][0.488659,-0.107117,-0.865874][0.511917,0.53952,0][-0.371754,0.240309,0.0337313][0.511382,-0.157459,-0.844805][0.498453,0.654932,0][-0.340686,0.269528,0.0470919][0.503274,-0.16746,-0.847745][0.461178,0.65372,0][-0.340686,0.269528,0.0470919][0.503274,-0.16746,-0.847745][0.461178,0.65372,0][-0.27596,0.131379,0.105114][0.47854,-0.113536,-0.870695][0.472378,0.542373,0][-0.309065,0.106027,0.0895747][0.488659,-0.107117,-0.865874][0.511917,0.53952,0][-0.340686,0.269528,0.0470919][0.503274,-0.16746,-0.847745][0.461178,0.65372,0][-0.318908,0.297518,0.0540243][0.769419,0.0896512,-0.632421][0.431609,0.656799,0][-0.252177,0.155834,0.114554][0.767937,0.0788445,-0.635654][0.444022,0.54854,0][-0.252177,0.155834,0.114554][0.767937,0.0788445,-0.635654][0.444022,0.54854,0][-0.27596,0.131379,0.105114][0.47854,-0.113536,-0.870695][0.472378,0.542373,0][-0.340686,0.269528,0.0470919][0.503274,-0.16746,-0.847745][0.461178,0.65372,0][-0.570293,0.0152917,0.114554][-0.635121,-0.563441,-0.528351][0.0913008,0.547817,0][-0.644192,0.152152,0.0540243][-0.62097,-0.571615,-0.536333][0.100905,0.661119,0][-0.616857,0.14611,0.047092][-0.317371,-0.547131,-0.774547][0.0779826,0.654833,0][-0.616857,0.14611,0.047092][-0.317371,-0.547131,-0.774547][0.0779826,0.654833,0][-0.546045,0.0120573,0.105114][-0.368911,-0.495231,-0.786544][0.0700528,0.540127,0][-0.570293,0.0152917,0.114554][-0.635121,-0.563441,-0.528351][0.0913008,0.547817,0][-0.616857,0.14611,0.047092][-0.317371,-0.547131,-0.774547][0.0779826,0.654833,0][-0.58345,0.145705,0.0337313][-0.318656,-0.537937,-0.780437][0.0476195,0.65226,0][-0.516095,0.0145621,0.0895747][-0.368226,-0.49291,-0.788321][0.0393842,0.535471,0][-0.516095,0.0145621,0.0895747][-0.368226,-0.49291,-0.788321][0.0393842,0.535471,0][-0.546045,0.0120573,0.105114][-0.368911,-0.495231,-0.786544][0.0700528,0.540127,0][-0.616857,0.14611,0.047092][-0.317371,-0.547131,-0.774547][0.0779826,0.654833,0][-0.516095,0.0145621,0.0895747][-0.368226,-0.49291,-0.788321][0.0393842,0.535471,0][-0.44525,-0.118838,0.132795][-0.433084,-0.43871,-0.787383][0.0470628,0.415154,0][-0.470225,-0.123183,0.148953][-0.433251,-0.445491,-0.783473][0.074981,0.419098,0][-0.470225,-0.123183,0.148953][-0.433251,-0.445491,-0.783473][0.074981,0.419098,0][-0.546045,0.0120573,0.105114][-0.368911,-0.495231,-0.786544][0.0700528,0.540127,0][-0.516095,0.0145621,0.0895747][-0.368226,-0.49291,-0.788321][0.0393842,0.535471,0][-0.470225,-0.123183,0.148953][-0.433251,-0.445491,-0.783473][0.074981,0.419098,0][-0.49036,-0.121675,0.159397][-0.67946,-0.517849,-0.519776][0.0953418,0.426139,0][-0.570293,0.0152917,0.114554][-0.635121,-0.563441,-0.528351][0.0913008,0.547817,0][-0.570293,0.0152917,0.114554][-0.635121,-0.563441,-0.528351][0.0913008,0.547817,0][-0.546045,0.0120573,0.105114][-0.368911,-0.495231,-0.786544][0.0700528,0.540127,0][-0.470225,-0.123183,0.148953][-0.433251,-0.445491,-0.783473][0.074981,0.419098,0][-0.432047,-0.24194,0.190049][-0.719491,-0.46148,-0.519008][0.105489,0.320687,0][-0.49036,-0.121675,0.159397][-0.67946,-0.517849,-0.519776][0.0953418,0.426139,0][-0.470225,-0.123183,0.148953][-0.433251,-0.445491,-0.783473][0.074981,0.419098,0][-0.470225,-0.123183,0.148953][-0.433251,-0.445491,-0.783473][0.074981,0.419098,0][-0.413694,-0.244246,0.180051][-0.472316,-0.401689,-0.784578][0.0875976,0.313448,0][-0.432047,-0.24194,0.190049][-0.719491,-0.46148,-0.519008][0.105489,0.320687,0][-0.470225,-0.123183,0.148953][-0.433251,-0.445491,-0.783473][0.074981,0.419098,0][-0.44525,-0.118838,0.132795][-0.433084,-0.43871,-0.787383][0.0470628,0.415154,0][-0.390868,-0.240821,0.164715][-0.46888,-0.400494,-0.787246][0.0616677,0.308931,0][-0.390868,-0.240821,0.164715][-0.46888,-0.400494,-0.787246][0.0616677,0.308931,0][-0.413694,-0.244246,0.180051][-0.472316,-0.401689,-0.784578][0.0875976,0.313448,0][-0.470225,-0.123183,0.148953][-0.433251,-0.445491,-0.783473][0.074981,0.419098,0][-0.390868,-0.240821,0.164715][-0.46888,-0.400494,-0.787246][0.0616677,0.308931,0][-0.34736,-0.347962,0.190241][-0.48906,-0.401814,-0.774187][0.0792694,0.218619,0][-0.368051,-0.351488,0.205142][-0.496874,-0.415862,-0.761693][0.102617,0.223053,0][-0.368051,-0.351488,0.205142][-0.496874,-0.415862,-0.761693][0.102617,0.223053,0][-0.413694,-0.244246,0.180051][-0.472316,-0.401689,-0.784578][0.0875976,0.313448,0][-0.390868,-0.240821,0.164715][-0.46888,-0.400494,-0.787246][0.0616677,0.308931,0][-0.368051,-0.351488,0.205142][-0.496874,-0.415862,-0.761693][0.102617,0.223053,0][-0.384729,-0.348917,0.214768][-0.73581,-0.463022,-0.49416][0.118625,0.230292,0][-0.432047,-0.24194,0.190049][-0.719491,-0.46148,-0.519008][0.105489,0.320687,0][-0.432047,-0.24194,0.190049][-0.719491,-0.46148,-0.519008][0.105489,0.320687,0][-0.413694,-0.244246,0.180051][-0.472316,-0.401689,-0.784578][0.0875976,0.313448,0][-0.368051,-0.351488,0.205142][-0.496874,-0.415862,-0.761693][0.102617,0.223053,0][-0.168437,-0.141063,0.190049][0.792822,0.0242992,-0.608968][0.436727,0.329843,0][-0.148961,-0.273481,0.214768][0.813226,-0.0144811,-0.581768][0.422862,0.230974,0][-0.16788,-0.287442,0.205142][0.522338,-0.104499,-0.846311][0.443513,0.221434,0][-0.16788,-0.287442,0.205142][0.522338,-0.104499,-0.846311][0.443513,0.221434,0][-0.189885,-0.1586,0.180051][0.485307,-0.0802632,-0.870652][0.460072,0.319927,0][-0.168437,-0.141063,0.190049][0.792822,0.0242992,-0.608968][0.436727,0.329843,0][-0.16788,-0.287442,0.205142][0.522338,-0.104499,-0.846311][0.443513,0.221434,0][-0.193922,-0.298868,0.190241][0.525207,-0.0940804,-0.845758][0.471705,0.214293,0][-0.21931,-0.17517,0.164715][0.495567,-0.0766347,-0.865182][0.493083,0.311676,0][-0.21931,-0.17517,0.164715][0.495567,-0.0766347,-0.865182][0.493083,0.311676,0][-0.189885,-0.1586,0.180051][0.485307,-0.0802632,-0.870652][0.460072,0.319927,0][-0.16788,-0.287442,0.205142][0.522338,-0.104499,-0.846311][0.443513,0.221434,0][-0.21931,-0.17517,0.164715][0.495567,-0.0766347,-0.865182][0.493083,0.311676,0][-0.2568,-0.0374126,0.132795][0.483511,-0.0776244,-0.87189][0.507121,0.421523,0][-0.22438,-0.0169578,0.148953][0.475159,-0.0845291,-0.87583][0.471115,0.427586,0][-0.22438,-0.0169578,0.148953][0.475159,-0.0845291,-0.87583][0.471115,0.427586,0][-0.189885,-0.1586,0.180051][0.485307,-0.0802632,-0.870652][0.460072,0.319927,0][-0.21931,-0.17517,0.164715][0.495567,-0.0766347,-0.865182][0.493083,0.311676,0][-0.22438,-0.0169578,0.148953][0.475159,-0.0845291,-0.87583][0.471115,0.427586,0][-0.200795,0.00344133,0.159397][0.778428,0.0571661,-0.625125][0.443997,0.435605,0][-0.168437,-0.141063,0.190049][0.792822,0.0242992,-0.608968][0.436727,0.329843,0][-0.168437,-0.141063,0.190049][0.792822,0.0242992,-0.608968][0.436727,0.329843,0][-0.189885,-0.1586,0.180051][0.485307,-0.0802632,-0.870652][0.460072,0.319927,0][-0.22438,-0.0169578,0.148953][0.475159,-0.0845291,-0.87583][0.471115,0.427586,0][-0.424522,0.223167,0.0928596][0.00188384,-0.446618,-0.894723][0.808369,0.599221,0][-0.489639,0.342915,0.0225464][0.0580937,-0.557625,-0.828058][0.820672,0.714842,0][-0.441386,0.360538,-0.0130415][-0.245847,-0.682987,-0.687814][0.767573,0.727652,0][-0.441386,0.360538,-0.0130415][-0.245847,-0.682987,-0.687814][0.767573,0.727652,0][-0.374092,0.246642,0.0582189][-0.275719,-0.560268,-0.781076][0.752963,0.612097,0][-0.424522,0.223167,0.0928596][0.00188384,-0.446618,-0.894723][0.808369,0.599221,0][-0.504001,0.445554,-0.0918113][-0.357441,-0.781132,-0.511927][0.784396,0.828986,0][-0.441386,0.360538,-0.0130415][-0.245847,-0.682987,-0.687814][0.767573,0.727652,0][-0.489639,0.342915,0.0225464][0.0580937,-0.557625,-0.828058][0.820672,0.714842,0][-0.489639,0.342915,0.0225464][0.0580937,-0.557625,-0.828058][0.820672,0.714842,0][-0.547996,0.436013,-0.0496777][0.0845879,-0.642486,-0.761614][0.835536,0.811616,0][-0.504001,0.445554,-0.0918113][-0.357441,-0.781132,-0.511927][0.784396,0.828986,0][-0.623219,0.407288,-0.0485649][0.343837,-0.549458,-0.761493][0.910428,0.812823,0][-0.585155,0.309368,0.0226565][0.301578,-0.450582,-0.840254][0.912035,0.718692,0][-0.634162,0.270115,-0.0128596][0.693806,-0.200539,-0.691677][0.975909,0.722061,0][-0.634162,0.270115,-0.0128596][0.693806,-0.200539,-0.691677][0.975909,0.722061,0][-0.66456,0.36521,-0.0888642][0.7987,-0.269394,-0.538058][0.970869,0.820109,0][-0.623219,0.407288,-0.0485649][0.343837,-0.549458,-0.761493][0.910428,0.812823,0][-0.586522,0.153097,0.0581486][0.603163,-0.126074,-0.787591][0.975909,0.608163,0][-0.634162,0.270115,-0.0128596][0.693806,-0.200539,-0.691677][0.975909,0.722061,0][-0.585155,0.309368,0.0226565][0.301578,-0.450582,-0.840254][0.912035,0.718692,0][-0.585155,0.309368,0.0226565][0.301578,-0.450582,-0.840254][0.912035,0.718692,0][-0.532403,0.187913,0.0930176][0.272643,-0.328376,-0.904342][0.91054,0.605295,0][-0.586522,0.153097,0.0581486][0.603163,-0.126074,-0.787591][0.975909,0.608163,0][-0.65898,0.505552,-0.150151][0.713966,-0.593782,-0.371047][0.900679,0.910638,0][-0.647695,0.4733,-0.108638][0.402971,-0.554547,-0.728074][0.90502,0.876316,0][-0.679804,0.435812,-0.159419][0.899943,-0.223492,-0.37437][0.960217,0.898279,0][-0.679804,0.435812,-0.159419][0.899943,-0.223492,-0.37437][0.960217,0.898279,0][-0.675473,0.487037,-0.212305][0.834556,-0.547834,-0.0582617][0.925808,0.951994,0][-0.65898,0.505552,-0.150151][0.713966,-0.593782,-0.371047][0.900679,0.910638,0][-0.623219,0.407288,-0.0485649][0.343837,-0.549458,-0.761493][0.910428,0.812823,0][-0.66456,0.36521,-0.0888642][0.7987,-0.269394,-0.538058][0.970869,0.820109,0][-0.679804,0.435812,-0.159419][0.899943,-0.223492,-0.37437][0.960217,0.898279,0][-0.679804,0.435812,-0.159419][0.899943,-0.223492,-0.37437][0.960217,0.898279,0][-0.647695,0.4733,-0.108638][0.402971,-0.554547,-0.728074][0.90502,0.876316,0][-0.623219,0.407288,-0.0485649][0.343837,-0.549458,-0.761493][0.910428,0.812823,0][-0.612359,0.521598,-0.155564][-0.0365437,-0.996443,0.0759296][0.861636,0.913041,0][-0.639949,0.523006,-0.160404][-0.0661653,-0.993912,0.0881018][0.881872,0.917486,0][-0.645516,0.516743,-0.235242][-0.128882,-0.861375,0.491347][0.88723,0.970939,0][-0.645516,0.516743,-0.235242][-0.128882,-0.861375,0.491347][0.88723,0.970939,0][-0.601158,0.51821,-0.221869][-0.114827,-0.910509,0.397226][0.847526,0.95931,0][-0.612359,0.521598,-0.155564][-0.0365437,-0.996443,0.0759296][0.861636,0.913041,0][-0.65898,0.505552,-0.150151][0.713966,-0.593782,-0.371047][0.900679,0.910638,0][-0.675473,0.487037,-0.212305][0.834556,-0.547834,-0.0582617][0.925808,0.951994,0][-0.645516,0.516743,-0.235242][0.703249,-0.710721,0.0178092][0.88723,0.970939,0][-0.645516,0.516743,-0.235242][0.703249,-0.710721,0.0178092][0.88723,0.970939,0][-0.639949,0.523006,-0.160404][0.446898,-0.793626,-0.412844][0.881872,0.917486,0][-0.65898,0.505552,-0.150151][0.713966,-0.593782,-0.371047][0.900679,0.910638,0][-0.504001,0.445554,-0.0918113][-0.357441,-0.781132,-0.511927][0.784396,0.828986,0][-0.547996,0.436013,-0.0496777][0.0845879,-0.642486,-0.761614][0.835536,0.811616,0][-0.590451,0.494915,-0.11298][0.0681213,-0.754,-0.653332][0.850063,0.877763,0][-0.590451,0.494915,-0.11298][0.0681213,-0.754,-0.653332][0.850063,0.877763,0][-0.55564,0.495766,-0.168269][-0.432983,-0.878376,-0.202439][0.808405,0.910587,0][-0.504001,0.445554,-0.0918113][-0.357441,-0.781132,-0.511927][0.784396,0.828986,0][-0.612359,0.521598,-0.155564][-0.212941,-0.906013,-0.365781][0.861636,0.913041,0][-0.601158,0.51821,-0.221869][-0.418868,-0.90772,-0.0243724][0.847526,0.95931,0][-0.55564,0.495766,-0.168269][-0.432983,-0.878376,-0.202439][0.808405,0.910587,0][-0.55564,0.495766,-0.168269][-0.432983,-0.878376,-0.202439][0.808405,0.910587,0][-0.590451,0.494915,-0.11298][0.0681213,-0.754,-0.653332][0.850063,0.877763,0][-0.612359,0.521598,-0.155564][-0.212941,-0.906013,-0.365781][0.861636,0.913041,0][-0.202097,-0.467619,0.290523][-0.260682,0.294227,-0.919497][0.856805,0.0450197,0][-0.207151,-0.409731,0.281024][-0.255236,-0.204577,-0.944988][0.844487,0.0761271,0][-0.167601,-0.393818,0.236163][-0.718215,-0.203185,-0.665494][0.793829,0.0728419,0][-0.167601,-0.393818,0.236163][-0.718215,-0.203185,-0.665494][0.793829,0.0728419,0][-0.180922,-0.470221,0.253027][-0.826898,0.281977,-0.486548][0.834925,0.0271987,0][-0.202097,-0.467619,0.290523][-0.260682,0.294227,-0.919497][0.856805,0.0450197,0][-0.185702,-0.293699,0.214905][-0.608797,-0.304354,-0.732622][0.771959,0.150757,0][-0.167601,-0.393818,0.236163][-0.718215,-0.203185,-0.665494][0.793829,0.0728419,0][-0.207151,-0.409731,0.281024][-0.255236,-0.204577,-0.944988][0.844487,0.0761271,0][-0.207151,-0.409731,0.281024][-0.255236,-0.204577,-0.944988][0.844487,0.0761271,0][-0.226361,-0.318757,0.259454][-0.21984,-0.26987,-0.937465][0.828741,0.141198,0][-0.185702,-0.293699,0.214905][-0.608797,-0.304354,-0.732622][0.771959,0.150757,0][-0.261696,-0.478278,0.290424][0.150385,0.375751,-0.914437][0.900696,0.05175,0][-0.23805,-0.442566,0.276192][0.0238297,-0.0882164,-0.995816][0.875761,0.0647103,0][-0.220268,-0.506368,0.260568][-0.144203,0.617112,-0.773549][0.880611,0.020182,0][-0.220268,-0.506368,0.260568][-0.144203,0.617112,-0.773549][0.880611,0.020182,0][-0.272867,-0.493658,0.252823][0.562887,0.692882,-0.450636][0.924406,0.035555,0][-0.261696,-0.478278,0.290424][0.150385,0.375751,-0.914437][0.900696,0.05175,0][-0.202097,-0.467619,0.290523][-0.260682,0.294227,-0.919497][0.856805,0.0450197,0][-0.180922,-0.470221,0.253027][-0.826898,0.281977,-0.486548][0.834925,0.0271987,0][-0.220268,-0.506368,0.260568][-0.144203,0.617112,-0.773549][0.880611,0.020182,0][-0.220268,-0.506368,0.260568][-0.144203,0.617112,-0.773549][0.880611,0.020182,0][-0.23805,-0.442566,0.276192][0.0238297,-0.0882164,-0.995816][0.875761,0.0647103,0][-0.202097,-0.467619,0.290523][-0.260682,0.294227,-0.919497][0.856805,0.0450197,0][-0.312354,-0.338136,0.259518][0.316335,-0.105884,-0.94272][0.903365,0.150866,0][-0.283535,-0.424975,0.281001][0.331385,-0.0655424,-0.941216][0.904036,0.0850267,0][-0.322601,-0.436517,0.235366][0.738984,0.182837,-0.648439][0.955537,0.0869766,0][-0.322601,-0.436517,0.235366][0.738984,0.182837,-0.648439][0.955537,0.0869766,0][-0.358286,-0.347007,0.214473][0.686347,0.102442,-0.720024][0.958225,0.1639,0][-0.312354,-0.338136,0.259518][0.316335,-0.105884,-0.94272][0.903365,0.150866,0][-0.261696,-0.478278,0.290424][0.150385,0.375751,-0.914437][0.900696,0.05175,0][-0.272867,-0.493658,0.252823][0.562887,0.692882,-0.450636][0.924406,0.035555,0][-0.322601,-0.436517,0.235366][0.738984,0.182837,-0.648439][0.955537,0.0869766,0][-0.322601,-0.436517,0.235366][0.738984,0.182837,-0.648439][0.955537,0.0869766,0][-0.283535,-0.424975,0.281001][0.331385,-0.0655424,-0.941216][0.904036,0.0850267,0][-0.261696,-0.478278,0.290424][0.150385,0.375751,-0.914437][0.900696,0.05175,0][-0.302248,-0.0605259,0.196936][-0.124118,-0.297865,-0.946505][0.804392,0.35015,0][-0.359936,0.0843649,0.150733][-0.053415,-0.361399,-0.93088][0.80364,0.474514,0][-0.31023,0.110846,0.115144][-0.350204,-0.456757,-0.817759][0.746081,0.487468,0][-0.31023,0.110846,0.115144][-0.350204,-0.456757,-0.817759][0.746081,0.487468,0][-0.255421,-0.0330672,0.15857][-0.445643,-0.3755,-0.812651][0.74786,0.363488,0][-0.302248,-0.0605259,0.196936][-0.124118,-0.297865,-0.946505][0.804392,0.35015,0][-0.424522,0.223167,0.0928596][0.00188384,-0.446618,-0.894723][0.808369,0.599221,0][-0.374092,0.246642,0.0582189][-0.275719,-0.560268,-0.781076][0.752963,0.612097,0][-0.31023,0.110846,0.115144][-0.350204,-0.456757,-0.817759][0.746081,0.487468,0][-0.31023,0.110846,0.115144][-0.350204,-0.456757,-0.817759][0.746081,0.487468,0][-0.359936,0.0843649,0.150733][-0.053415,-0.361399,-0.93088][0.80364,0.474514,0][-0.424522,0.223167,0.0928596][0.00188384,-0.446618,-0.894723][0.808369,0.599221,0][-0.586522,0.153097,0.0581486][0.603163,-0.126074,-0.787591][0.975909,0.608163,0][-0.532403,0.187913,0.0930176][0.272643,-0.328376,-0.904342][0.91054,0.605295,0][-0.466725,0.0496936,0.150934][0.256851,-0.225297,-0.939824][0.903542,0.480678,0][-0.466725,0.0496936,0.150934][0.256851,-0.225297,-0.939824][0.903542,0.480678,0][-0.520489,0.0200024,0.11491][0.566941,-0.0276952,-0.823293][0.966397,0.484208,0][-0.586522,0.153097,0.0581486][0.603163,-0.126074,-0.787591][0.975909,0.608163,0][-0.452913,-0.114905,0.158067][0.600247,0.0233994,-0.799472][0.958332,0.362493,0][-0.520489,0.0200024,0.11491][0.566941,-0.0276952,-0.823293][0.966397,0.484208,0][-0.466725,0.0496936,0.150934][0.256851,-0.225297,-0.939824][0.903542,0.480678,0][-0.466725,0.0496936,0.150934][0.256851,-0.225297,-0.939824][0.903542,0.480678,0][-0.40178,-0.0917797,0.19708][0.259332,-0.169488,-0.9508][0.897943,0.356372,0][-0.452913,-0.114905,0.158067][0.600247,0.0233994,-0.799472][0.958332,0.362493,0][-0.452913,-0.114905,0.158067][0.600247,0.0233994,-0.799472][0.958332,0.362493,0][-0.40178,-0.0917797,0.19708][0.259332,-0.169488,-0.9508][0.897943,0.356372,0][-0.350948,-0.224334,0.232458][0.276435,-0.132894,-0.9518][0.899613,0.244074,0][-0.350948,-0.224334,0.232458][0.276435,-0.132894,-0.9518][0.899613,0.244074,0][-0.399989,-0.238814,0.189786][0.649989,0.0698826,-0.756724][0.957048,0.255078,0][-0.452913,-0.114905,0.158067][0.600247,0.0233994,-0.799472][0.958332,0.362493,0][-0.312354,-0.338136,0.259518][0.316335,-0.105884,-0.94272][0.903365,0.150866,0][-0.358286,-0.347007,0.214473][0.686347,0.102442,-0.720024][0.958225,0.1639,0][-0.399989,-0.238814,0.189786][0.649989,0.0698826,-0.756724][0.957048,0.255078,0][-0.399989,-0.238814,0.189786][0.649989,0.0698826,-0.756724][0.957048,0.255078,0][-0.350948,-0.224334,0.232458][0.276435,-0.132894,-0.9518][0.899613,0.244074,0][-0.312354,-0.338136,0.259518][0.316335,-0.105884,-0.94272][0.903365,0.150866,0][-0.185702,-0.293699,0.214905][-0.608797,-0.304354,-0.732622][0.771959,0.150757,0][-0.226361,-0.318757,0.259454][-0.21984,-0.26987,-0.937465][0.828741,0.141198,0][-0.257802,-0.198998,0.232369][-0.182551,-0.267462,-0.946118][0.81385,0.235888,0][-0.257802,-0.198998,0.232369][-0.182551,-0.267462,-0.946118][0.81385,0.235888,0][-0.21423,-0.171113,0.190274][-0.529065,-0.329836,-0.781855][0.756858,0.249404,0][-0.185702,-0.293699,0.214905][-0.608797,-0.304354,-0.732622][0.771959,0.150757,0][-0.302248,-0.0605259,0.196936][-0.124118,-0.297865,-0.946505][0.804392,0.35015,0][-0.255421,-0.0330672,0.15857][-0.445643,-0.3755,-0.812651][0.74786,0.363488,0][-0.21423,-0.171113,0.190274][-0.529065,-0.329836,-0.781855][0.756858,0.249404,0][-0.21423,-0.171113,0.190274][-0.529065,-0.329836,-0.781855][0.756858,0.249404,0][-0.257802,-0.198998,0.232369][-0.182551,-0.267462,-0.946118][0.81385,0.235888,0][-0.302248,-0.0605259,0.196936][-0.124118,-0.297865,-0.946505][0.804392,0.35015,0][-0.440521,0.350593,-0.0360573][-0.860936,-0.48005,0.16835][0.472543,0.76021,0][-0.371754,0.240309,0.0337313][-0.883647,-0.466679,0.0371309][0.498453,0.654932,0][-0.374092,0.246642,0.0582189][-0.890106,-0.454062,0.0392225][0.52095,0.654515,0][-0.374092,0.246642,0.0582189][-0.890106,-0.454062,0.0392225][0.52095,0.654515,0][-0.441386,0.360538,-0.0130415][-0.872214,-0.455307,0.178715][0.494351,0.761372,0][-0.440521,0.350593,-0.0360573][-0.860936,-0.48005,0.16835][0.472543,0.76021,0][-0.506872,0.431405,-0.11165][-0.853822,-0.366673,0.369512][0.43291,0.849003,0][-0.440521,0.350593,-0.0360573][-0.860936,-0.48005,0.16835][0.472543,0.76021,0][-0.441386,0.360538,-0.0130415][-0.872214,-0.455307,0.178715][0.494351,0.761372,0][-0.441386,0.360538,-0.0130415][-0.872214,-0.455307,0.178715][0.494351,0.761372,0][-0.504001,0.445554,-0.0918113][-0.865703,-0.326997,0.378988][0.454471,0.8505,0][-0.506872,0.431405,-0.11165][-0.853822,-0.366673,0.369512][0.43291,0.849003,0][-0.62736,0.260912,-0.0360573][0.908111,0.40055,0.122038][0.0670289,0.753106,0][-0.652419,0.356369,-0.109909][0.831597,0.465045,0.303613][0.0987629,0.836117,0][-0.66456,0.36521,-0.0888642][0.845958,0.45378,0.280068][0.0773194,0.83877,0][-0.66456,0.36521,-0.0888642][0.845958,0.45378,0.280068][0.0773194,0.83877,0][-0.634162,0.270115,-0.0128596][0.912313,0.396276,0.103199][0.0448963,0.75474,0][-0.62736,0.260912,-0.0360573][0.908111,0.40055,0.122038][0.0670289,0.753106,0][-0.58345,0.145705,0.0337313][0.910735,0.41297,-0.00416928][0.0476195,0.65226,0][-0.62736,0.260912,-0.0360573][0.908111,0.40055,0.122038][0.0670289,0.753106,0][-0.634162,0.270115,-0.0128596][0.912313,0.396276,0.103199][0.0448963,0.75474,0][-0.634162,0.270115,-0.0128596][0.912313,0.396276,0.103199][0.0448963,0.75474,0][-0.586522,0.153097,0.0581486][0.90865,0.41749,-0.00750419][0.024606,0.652039,0][-0.58345,0.145705,0.0337313][0.910735,0.41297,-0.00416928][0.0476195,0.65226,0][-0.66322,0.42826,-0.177944][0.744747,0.476459,0.467267][0.140037,0.899492,0][-0.659151,0.475503,-0.228529][0.770621,0.433658,0.466995][0.165746,0.942822,0][-0.675473,0.487037,-0.212305][0.766462,0.435678,0.471933][0.144174,0.943514,0][-0.675473,0.487037,-0.212305][0.766462,0.435678,0.471933][0.144174,0.943514,0][-0.679804,0.435812,-0.159419][0.74906,0.48804,0.448025][0.119402,0.90159,0][-0.66322,0.42826,-0.177944][0.744747,0.476459,0.467267][0.140037,0.899492,0][-0.652419,0.356369,-0.109909][0.831597,0.465045,0.303613][0.0987629,0.836117,0][-0.66322,0.42826,-0.177944][0.744747,0.476459,0.467267][0.140037,0.899492,0][-0.679804,0.435812,-0.159419][0.74906,0.48804,0.448025][0.119402,0.90159,0][-0.679804,0.435812,-0.159419][0.74906,0.48804,0.448025][0.119402,0.90159,0][-0.66456,0.36521,-0.0888642][0.845958,0.45378,0.280068][0.0773194,0.83877,0][-0.652419,0.356369,-0.109909][0.831597,0.465045,0.303613][0.0987629,0.836117,0][-0.639599,0.497017,-0.250033][-0.244082,-0.585048,0.773397][0.33322,0.976594,0][-0.606631,0.496405,-0.237233][-0.323489,-0.489425,0.809826][0.345616,0.96258,0][-0.601158,0.51821,-0.221869][-0.114827,-0.910509,0.397226][0.371371,0.964335,0][-0.601158,0.51821,-0.221869][-0.114827,-0.910509,0.397226][0.371371,0.964335,0][-0.645516,0.516743,-0.235242][-0.128882,-0.861375,0.491347][0.353936,0.976594,0][-0.639599,0.497017,-0.250033][-0.244082,-0.585048,0.773397][0.33322,0.976594,0][-0.659151,0.475503,-0.228529][0.71286,-0.123322,0.690378][0.165746,0.942822,0][-0.639599,0.497017,-0.250033][0.809769,-0.176666,0.55952][0.1718,0.967655,0][-0.645516,0.516743,-0.235242][0.761971,-0.149364,0.630151][0.154664,0.971407,0][-0.645516,0.516743,-0.235242][0.761971,-0.149364,0.630151][0.154664,0.971407,0][-0.675473,0.487037,-0.212305][0.665218,-0.0994934,0.739991][0.144174,0.943514,0][-0.659151,0.475503,-0.228529][0.71286,-0.123322,0.690378][0.165746,0.942822,0][-0.562315,0.477272,-0.184908][-0.81444,-0.211901,0.540172][0.380315,0.917593,0][-0.506872,0.431405,-0.11165][-0.853822,-0.366673,0.369512][0.43291,0.849003,0][-0.504001,0.445554,-0.0918113][-0.865703,-0.326997,0.378988][0.454471,0.8505,0][-0.504001,0.445554,-0.0918113][-0.865703,-0.326997,0.378988][0.454471,0.8505,0][-0.55564,0.495766,-0.168269][-0.832556,-0.170804,0.52695][0.402707,0.919352,0][-0.562315,0.477272,-0.184908][-0.81444,-0.211901,0.540172][0.380315,0.917593,0][-0.606631,0.496405,-0.237233][-0.785953,-0.216573,0.579115][0.345616,0.96258,0][-0.562315,0.477272,-0.184908][-0.81444,-0.211901,0.540172][0.380315,0.917593,0][-0.55564,0.495766,-0.168269][-0.832556,-0.170804,0.52695][0.402707,0.919352,0][-0.55564,0.495766,-0.168269][-0.832556,-0.170804,0.52695][0.402707,0.919352,0][-0.601158,0.51821,-0.221869][-0.786898,-0.211064,0.579865][0.371371,0.964335,0][-0.606631,0.496405,-0.237233][-0.785953,-0.216573,0.579115][0.345616,0.96258,0][-0.177964,-0.400129,0.214281][-0.920393,0.0910497,0.380245][0.449345,0.132455,0][-0.182886,-0.470962,0.231754][-0.99194,0.0907424,0.0884379][0.432676,0.0707773,0][-0.180922,-0.470221,0.253027][-0.980896,0.124168,0.149749][0.454231,0.0672323,0][-0.180922,-0.470221,0.253027][-0.980896,0.124168,0.149749][0.454231,0.0672323,0][-0.167601,-0.393818,0.236163][-0.914068,0.0898817,0.395476][0.473884,0.128812,0][-0.177964,-0.400129,0.214281][-0.920393,0.0910497,0.380245][0.449345,0.132455,0][-0.193922,-0.298868,0.190241][-0.933291,-0.106486,0.342969][0.471705,0.214293,0][-0.177964,-0.400129,0.214281][-0.920393,0.0910497,0.380245][0.449345,0.132455,0][-0.167601,-0.393818,0.236163][-0.914068,0.0898817,0.395476][0.473884,0.128812,0][-0.167601,-0.393818,0.236163][-0.914068,0.0898817,0.395476][0.473884,0.128812,0][-0.185702,-0.293699,0.214905][-0.937923,-0.113703,0.327678][0.49623,0.209077,0][-0.193922,-0.298868,0.190241][-0.933291,-0.106486,0.342969][0.471705,0.214293,0][-0.220137,-0.503374,0.237579][0.210653,0.97141,0.109492][0.114059,0.0401973,0][-0.269095,-0.49334,0.231754][0.194857,0.979574,0.0496528][0.115837,0.0830393,0][-0.272867,-0.493658,0.252823][0.200559,0.977109,0.0709451][0.0935044,0.0808313,0][-0.272867,-0.493658,0.252823][0.200559,0.977109,0.0709451][0.0935044,0.0808313,0][-0.220268,-0.506368,0.260568][0.215224,0.968228,0.12733][0.0916633,0.0378073,0][-0.220137,-0.503374,0.237579][0.210653,0.97141,0.109492][0.114059,0.0401973,0][-0.182886,-0.470962,0.231754][-0.66561,0.744531,0.0513526][0.432676,0.0707773,0][-0.220137,-0.503374,0.237579][-0.644927,0.758303,0.0951089][0.43986,0.0301553,0][-0.220268,-0.506368,0.260568][-0.652791,0.753418,0.0789044][0.458848,0.0285443,0][-0.220268,-0.506368,0.260568][-0.652791,0.753418,0.0789044][0.458848,0.0285443,0][-0.180922,-0.470221,0.253027][-0.672312,0.739376,0.0363227][0.454231,0.0672323,0][-0.182886,-0.470962,0.231754][-0.66561,0.744531,0.0513526][0.432676,0.0707773,0][-0.309136,-0.436836,0.214281][0.728114,0.52254,0.443624][0.0984065,0.141774,0][-0.34736,-0.347962,0.190241][0.832429,0.428068,0.351882][0.0792694,0.218619,0][-0.358286,-0.347007,0.214473][0.826663,0.425609,0.368083][0.0546684,0.214518,0][-0.358286,-0.347007,0.214473][0.826663,0.425609,0.368083][0.0546684,0.214518,0][-0.322601,-0.436517,0.235366][0.736394,0.519397,0.433532][0.0752432,0.139319,0][-0.309136,-0.436836,0.214281][0.728114,0.52254,0.443624][0.0984065,0.141774,0][-0.269095,-0.49334,0.231754][0.720366,0.666014,0.193644][0.115837,0.0830393,0][-0.309136,-0.436836,0.214281][0.728114,0.52254,0.443624][0.0984065,0.141774,0][-0.322601,-0.436517,0.235366][0.736394,0.519397,0.433532][0.0752432,0.139319,0][-0.322601,-0.436517,0.235366][0.736394,0.519397,0.433532][0.0752432,0.139319,0][-0.272867,-0.493658,0.252823][0.725288,0.674058,0.140009][0.0935044,0.0808313,0][-0.269095,-0.49334,0.231754][0.720366,0.666014,0.193644][0.115837,0.0830393,0][-0.309065,0.106027,0.0895747][-0.92395,-0.381003,0.0339666][0.511917,0.53952,0][-0.2568,-0.0374126,0.132795][-0.951854,-0.287361,0.10676][0.507121,0.421523,0][-0.255421,-0.0330672,0.15857][-0.952567,-0.289036,0.0952646][0.530789,0.418178,0][-0.255421,-0.0330672,0.15857][-0.952567,-0.289036,0.0952646][0.530789,0.418178,0][-0.31023,0.110846,0.115144][-0.925331,-0.378106,0.0282607][0.53512,0.537611,0][-0.309065,0.106027,0.0895747][-0.92395,-0.381003,0.0339666][0.511917,0.53952,0][-0.371754,0.240309,0.0337313][-0.883647,-0.466679,0.0371309][0.498453,0.654932,0][-0.309065,0.106027,0.0895747][-0.92395,-0.381003,0.0339666][0.511917,0.53952,0][-0.31023,0.110846,0.115144][-0.925331,-0.378106,0.0282607][0.53512,0.537611,0][-0.31023,0.110846,0.115144][-0.925331,-0.378106,0.0282607][0.53512,0.537611,0][-0.374092,0.246642,0.0582189][-0.890106,-0.454062,0.0392225][0.52095,0.654515,0][-0.371754,0.240309,0.0337313][-0.883647,-0.466679,0.0371309][0.498453,0.654932,0][-0.516095,0.0145621,0.0895747][0.881073,0.47058,0.0476028][0.0393842,0.535471,0][-0.58345,0.145705,0.0337313][0.910735,0.41297,-0.00416928][0.0476195,0.65226,0][-0.586522,0.153097,0.0581486][0.90865,0.41749,-0.00750419][0.024606,0.652039,0][-0.586522,0.153097,0.0581486][0.90865,0.41749,-0.00750419][0.024606,0.652039,0][-0.520489,0.0200024,0.11491][0.879416,0.472412,0.0587738][0.0149044,0.534449,0][-0.516095,0.0145621,0.0895747][0.881073,0.47058,0.0476028][0.0393842,0.535471,0][-0.44525,-0.118838,0.132795][0.866659,0.46407,0.183141][0.0470628,0.415154,0][-0.516095,0.0145621,0.0895747][0.881073,0.47058,0.0476028][0.0393842,0.535471,0][-0.520489,0.0200024,0.11491][0.879416,0.472412,0.0587738][0.0149044,0.534449,0][-0.520489,0.0200024,0.11491][0.879416,0.472412,0.0587738][0.0149044,0.534449,0][-0.452913,-0.114905,0.158067][0.864025,0.46415,0.195004][0.021514,0.41367,0][-0.44525,-0.118838,0.132795][0.866659,0.46407,0.183141][0.0470628,0.415154,0][-0.390868,-0.240821,0.164715][0.861452,0.427637,0.27391][0.0616677,0.308931,0][-0.44525,-0.118838,0.132795][0.866659,0.46407,0.183141][0.0470628,0.415154,0][-0.452913,-0.114905,0.158067][0.864025,0.46415,0.195004][0.021514,0.41367,0][-0.452913,-0.114905,0.158067][0.864025,0.46415,0.195004][0.021514,0.41367,0][-0.399989,-0.238814,0.189786][0.858628,0.426363,0.284557][0.0361449,0.305853,0][-0.390868,-0.240821,0.164715][0.861452,0.427637,0.27391][0.0616677,0.308931,0][-0.34736,-0.347962,0.190241][0.832429,0.428068,0.351882][0.0792694,0.218619,0][-0.390868,-0.240821,0.164715][0.861452,0.427637,0.27391][0.0616677,0.308931,0][-0.399989,-0.238814,0.189786][0.858628,0.426363,0.284557][0.0361449,0.305853,0][-0.399989,-0.238814,0.189786][0.858628,0.426363,0.284557][0.0361449,0.305853,0][-0.358286,-0.347007,0.214473][0.826663,0.425609,0.368083][0.0546684,0.214518,0][-0.34736,-0.347962,0.190241][0.832429,0.428068,0.351882][0.0792694,0.218619,0][-0.21931,-0.17517,0.164715][-0.954684,-0.190881,0.228348][0.493083,0.311676,0][-0.193922,-0.298868,0.190241][-0.933291,-0.106486,0.342969][0.471705,0.214293,0][-0.185702,-0.293699,0.214905][-0.937923,-0.113703,0.327678][0.49623,0.209077,0][-0.185702,-0.293699,0.214905][-0.937923,-0.113703,0.327678][0.49623,0.209077,0][-0.21423,-0.171113,0.190274][-0.957076,-0.195832,0.213671][0.517035,0.306967,0][-0.21931,-0.17517,0.164715][-0.954684,-0.190881,0.228348][0.493083,0.311676,0][-0.2568,-0.0374126,0.132795][-0.951854,-0.287361,0.10676][0.507121,0.421523,0][-0.21931,-0.17517,0.164715][-0.954684,-0.190881,0.228348][0.493083,0.311676,0][-0.21423,-0.171113,0.190274][-0.957076,-0.195832,0.213671][0.517035,0.306967,0][-0.21423,-0.171113,0.190274][-0.957076,-0.195832,0.213671][0.517035,0.306967,0][-0.255421,-0.0330672,0.15857][-0.952567,-0.289036,0.0952646][0.530789,0.418178,0][-0.2568,-0.0374126,0.132795][-0.951854,-0.287361,0.10676][0.507121,0.421523,0][0.661127,0.20655,-0.0377644][0.53818,0.832493,0.131599][0.172636,0.750715,0][0.55024,0.250027,-0.0770621][0.326845,0.944119,0.0425706][0.262581,0.749504,0][0.48699,0.221776,0.0820445][0.17384,0.803403,0.569494][0.265223,0.65345,0][0.48699,0.221776,0.0820445][0.17384,0.803403,0.569494][0.265223,0.65345,0][0.613433,0.167208,0.109579][0.378372,0.663513,0.645434][0.161836,0.657741,0][0.661127,0.20655,-0.0377644][0.53818,0.832493,0.131599][0.172636,0.750715,0][0.48699,0.221776,0.0820445][0.17384,0.803403,0.569494][0.265223,0.65345,0][0.55024,0.250027,-0.0770621][0.326845,0.944119,0.0425706][0.262581,0.749504,0][0.434973,0.288508,-0.111935][0.101212,0.99171,-0.0791611][0.352711,0.750046,0][0.434973,0.288508,-0.111935][0.101212,0.99171,-0.0791611][0.352711,0.750046,0][0.357191,0.262454,0.0504738][-0.0534638,0.880296,0.471402][0.369609,0.654045,0][0.48699,0.221776,0.0820445][0.17384,0.803403,0.569494][0.265223,0.65345,0][0.434973,0.288508,-0.111935][0.101212,0.99171,-0.0791611][0.352711,0.750046,0][0.55024,0.250027,-0.0770621][0.326845,0.944119,0.0425706][0.262581,0.749504,0][0.605867,0.197762,-0.224571][0.434758,0.779195,-0.451487][0.259719,0.832684,0][0.605867,0.197762,-0.224571][0.434758,0.779195,-0.451487][0.259719,0.832684,0][0.511747,0.225456,-0.257727][0.175672,0.791728,-0.58507][0.329833,0.834239,0][0.434973,0.288508,-0.111935][0.101212,0.99171,-0.0791611][0.352711,0.750046,0][0.605867,0.197762,-0.224571][0.434758,0.779195,-0.451487][0.259719,0.832684,0][0.55024,0.250027,-0.0770621][0.326845,0.944119,0.0425706][0.262581,0.749504,0][0.661127,0.20655,-0.0377644][0.53818,0.832493,0.131599][0.172636,0.750715,0][0.661127,0.20655,-0.0377644][0.53818,0.832493,0.131599][0.172636,0.750715,0][0.690962,0.168355,-0.181107][0.664409,0.684439,-0.300173][0.189606,0.832312,0][0.605867,0.197762,-0.224571][0.434758,0.779195,-0.451487][0.259719,0.832684,0][0.605867,0.197762,-0.224571][0.434758,0.779195,-0.451487][0.259719,0.832684,0][0.6506,0.0749865,-0.310628][0.469991,0.451027,-0.758738][0.255833,0.902357,0][0.586978,0.0736017,-0.337281][0.141469,0.314468,-0.938667][0.302242,0.903458,0][0.586978,0.0736017,-0.337281][0.141469,0.314468,-0.938667][0.302242,0.903458,0][0.511747,0.225456,-0.257727][0.175672,0.791728,-0.58507][0.329833,0.834239,0][0.605867,0.197762,-0.224571][0.434758,0.779195,-0.451487][0.259719,0.832684,0][0.586978,0.0736017,-0.337281][0.141469,0.314468,-0.938667][0.302242,0.903458,0][0.6506,0.0749865,-0.310628][0.469991,0.451027,-0.758738][0.255833,0.902357,0][0.662798,-0.0260668,-0.333204][0.437024,-0.02886,-0.898987][0.250944,0.958163,0][0.662798,-0.0260668,-0.333204][0.437024,-0.02886,-0.898987][0.250944,0.958163,0][0.619266,-0.00948477,-0.337216][0.0099266,-0.0267841,-0.999592][0.286054,0.941384,0][0.586978,0.0736017,-0.337281][0.141469,0.314468,-0.938667][0.302242,0.903458,0][0.662798,-0.0260668,-0.333204][0.437024,-0.02886,-0.898987][0.250944,0.958163,0][0.6506,0.0749865,-0.310628][0.469991,0.451027,-0.758738][0.255833,0.902357,0][0.707847,0.0565138,-0.272269][0.809282,0.287928,-0.512017][0.211495,0.900017,0][0.707847,0.0565138,-0.272269][0.809282,0.287928,-0.512017][0.211495,0.900017,0][0.692916,-0.010603,-0.303054][0.797319,0.0476368,-0.601676][0.222646,0.937833,0][0.662798,-0.0260668,-0.333204][0.437024,-0.02886,-0.898987][0.250944,0.958163,0][0.707847,0.0565138,-0.272269][0.809282,0.287928,-0.512017][0.211495,0.900017,0][0.6506,0.0749865,-0.310628][0.469991,0.451027,-0.758738][0.255833,0.902357,0][0.605867,0.197762,-0.224571][0.434758,0.779195,-0.451487][0.259719,0.832684,0][0.605867,0.197762,-0.224571][0.434758,0.779195,-0.451487][0.259719,0.832684,0][0.690962,0.168355,-0.181107][0.664409,0.684439,-0.300173][0.189606,0.832312,0][0.707847,0.0565138,-0.272269][0.809282,0.287928,-0.512017][0.211495,0.900017,0][0.227508,-0.557725,0.330419][0.201581,-0.523276,0.827977][0.22884,0.0456363,0][0.27472,-0.518229,0.323285][0.433569,-0.134087,0.891088][0.209806,0.0928513,0][0.20974,-0.498744,0.330483][0.0450424,0.182719,0.982133][0.267858,0.0879923,0][0.20974,-0.498744,0.330483][0.0450424,0.182719,0.982133][0.267858,0.0879923,0][0.190119,-0.551533,0.337281][-0.107925,-0.453818,0.884535][0.27095,0.0387493,0][0.227508,-0.557725,0.330419][0.201581,-0.523276,0.827977][0.22884,0.0456363,0][0.143657,-0.483148,0.321356][-0.461938,0.157509,0.872814][0.327172,0.0875853,0][0.155011,-0.541431,0.329402][-0.480641,-0.321939,0.815684][0.309454,0.0429273,0][0.190119,-0.551533,0.337281][-0.107925,-0.453818,0.884535][0.27095,0.0387493,0][0.190119,-0.551533,0.337281][-0.107925,-0.453818,0.884535][0.27095,0.0387493,0][0.20974,-0.498744,0.330483][0.0450424,0.182719,0.982133][0.267858,0.0879923,0][0.143657,-0.483148,0.321356][-0.461938,0.157509,0.872814][0.327172,0.0875853,0][0.263768,-0.325568,0.278057][0.068786,0.253671,0.964842][0.271053,0.234816,0][0.233316,-0.424007,0.307733][0.0652943,0.270562,0.960486][0.269063,0.150749,0][0.312139,-0.449538,0.300852][0.434106,0.0536308,0.899264][0.195734,0.152508,0][0.312139,-0.449538,0.300852][0.434106,0.0536308,0.899264][0.195734,0.152508,0][0.356035,-0.359035,0.271629][0.403024,0.0946816,0.910278][0.181205,0.234502,0][0.263768,-0.325568,0.278057][0.068786,0.253671,0.964842][0.271053,0.234816,0][0.312139,-0.449538,0.300852][0.434106,0.0536308,0.899264][0.195734,0.152508,0][0.233316,-0.424007,0.307733][0.0652943,0.270562,0.960486][0.269063,0.150749,0][0.20974,-0.498744,0.330483][0.0450424,0.182719,0.982133][0.267858,0.0879923,0][0.20974,-0.498744,0.330483][0.0450424,0.182719,0.982133][0.267858,0.0879923,0][0.27472,-0.518229,0.323285][0.433569,-0.134087,0.891088][0.209806,0.0928513,0][0.312139,-0.449538,0.300852][0.434106,0.0536308,0.899264][0.195734,0.152508,0][0.20974,-0.498744,0.330483][0.0450424,0.182719,0.982133][0.267858,0.0879923,0][0.233316,-0.424007,0.307733][0.0652943,0.270562,0.960486][0.269063,0.150749,0][0.153366,-0.402174,0.298244][-0.355285,0.292325,0.887873][0.342898,0.149361,0][0.153366,-0.402174,0.298244][-0.355285,0.292325,0.887873][0.342898,0.149361,0][0.143657,-0.483148,0.321356][-0.461938,0.157509,0.872814][0.327172,0.0875853,0][0.20974,-0.498744,0.330483][0.0450424,0.182719,0.982133][0.267858,0.0879923,0][0.153366,-0.402174,0.298244][-0.355285,0.292325,0.887873][0.342898,0.149361,0][0.233316,-0.424007,0.307733][0.0652943,0.270562,0.960486][0.269063,0.150749,0][0.263768,-0.325568,0.278057][0.068786,0.253671,0.964842][0.271053,0.234816,0][0.263768,-0.325568,0.278057][0.068786,0.253671,0.964842][0.271053,0.234816,0][0.17031,-0.295556,0.26815][-0.301266,0.299027,0.90544][0.360545,0.235716,0][0.153366,-0.402174,0.298244][-0.355285,0.292325,0.887873][0.342898,0.149361,0][0.536828,0.0312109,0.202927][0.246548,0.256792,0.93449][0.158575,0.546334,0][0.412746,0.0886126,0.190842][0.025926,0.424144,0.905224][0.270204,0.544463,0][0.344078,-0.0796289,0.226699][-0.0119726,0.18181,0.983261][0.274527,0.429317,0][0.344078,-0.0796289,0.226699][-0.0119726,0.18181,0.983261][0.274527,0.429317,0][0.457268,-0.132013,0.227525][0.241701,0.0151805,0.970232][0.165173,0.427927,0][0.536828,0.0312109,0.202927][0.246548,0.256792,0.93449][0.158575,0.546334,0][0.344078,-0.0796289,0.226699][-0.0119726,0.18181,0.983261][0.274527,0.429317,0][0.412746,0.0886126,0.190842][0.025926,0.424144,0.905224][0.270204,0.544463,0][0.286233,0.132522,0.162943][-0.213594,0.520969,0.826419][0.378155,0.546728,0][0.286233,0.132522,0.162943][-0.213594,0.520969,0.826419][0.378155,0.546728,0][0.229164,-0.0339456,0.208055][-0.274666,0.297651,0.91431][0.379825,0.43526,0][0.344078,-0.0796289,0.226699][-0.0119726,0.18181,0.983261][0.274527,0.429317,0][0.286233,0.132522,0.162943][-0.213594,0.520969,0.826419][0.378155,0.546728,0][0.412746,0.0886126,0.190842][0.025926,0.424144,0.905224][0.270204,0.544463,0][0.48699,0.221776,0.0820445][0.17384,0.803403,0.569494][0.265223,0.65345,0][0.48699,0.221776,0.0820445][0.17384,0.803403,0.569494][0.265223,0.65345,0][0.357191,0.262454,0.0504738][-0.0534638,0.880296,0.471402][0.369609,0.654045,0][0.286233,0.132522,0.162943][-0.213594,0.520969,0.826419][0.378155,0.546728,0][0.48699,0.221776,0.0820445][0.17384,0.803403,0.569494][0.265223,0.65345,0][0.412746,0.0886126,0.190842][0.025926,0.424144,0.905224][0.270204,0.544463,0][0.536828,0.0312109,0.202927][0.246548,0.256792,0.93449][0.158575,0.546334,0][0.536828,0.0312109,0.202927][0.246548,0.256792,0.93449][0.158575,0.546334,0][0.613433,0.167208,0.109579][0.378372,0.663513,0.645434][0.161836,0.657741,0][0.48699,0.221776,0.0820445][0.17384,0.803403,0.569494][0.265223,0.65345,0][0.263768,-0.325568,0.278057][0.068786,0.253671,0.964842][0.271053,0.234816,0][0.297554,-0.215989,0.246888][0.0529072,0.194086,0.979557][0.274393,0.327348,0][0.19305,-0.175457,0.236505][-0.285832,0.264186,0.921144][0.372891,0.331872,0][0.19305,-0.175457,0.236505][-0.285832,0.264186,0.921144][0.372891,0.331872,0][0.17031,-0.295556,0.26815][-0.301266,0.299027,0.90544][0.360545,0.235716,0][0.263768,-0.325568,0.278057][0.068786,0.253671,0.964842][0.271053,0.234816,0][0.19305,-0.175457,0.236505][-0.285832,0.264186,0.921144][0.372891,0.331872,0][0.297554,-0.215989,0.246888][0.0529072,0.194086,0.979557][0.274393,0.327348,0][0.344078,-0.0796289,0.226699][-0.0119726,0.18181,0.983261][0.274527,0.429317,0][0.344078,-0.0796289,0.226699][-0.0119726,0.18181,0.983261][0.274527,0.429317,0][0.229164,-0.0339456,0.208055][-0.274666,0.297651,0.91431][0.379825,0.43526,0][0.19305,-0.175457,0.236505][-0.285832,0.264186,0.921144][0.372891,0.331872,0][0.344078,-0.0796289,0.226699][-0.0119726,0.18181,0.983261][0.274527,0.429317,0][0.297554,-0.215989,0.246888][0.0529072,0.194086,0.979557][0.274393,0.327348,0][0.400708,-0.259567,0.241834][0.333878,0.0343584,0.94199][0.172349,0.32449,0][0.400708,-0.259567,0.241834][0.333878,0.0343584,0.94199][0.172349,0.32449,0][0.457268,-0.132013,0.227525][0.241701,0.0151805,0.970232][0.165173,0.427927,0][0.344078,-0.0796289,0.226699][-0.0119726,0.18181,0.983261][0.274527,0.429317,0][0.400708,-0.259567,0.241834][0.333878,0.0343584,0.94199][0.172349,0.32449,0][0.297554,-0.215989,0.246888][0.0529072,0.194086,0.979557][0.274393,0.327348,0][0.263768,-0.325568,0.278057][0.068786,0.253671,0.964842][0.271053,0.234816,0][0.263768,-0.325568,0.278057][0.068786,0.253671,0.964842][0.271053,0.234816,0][0.356035,-0.359035,0.271629][0.403024,0.0946816,0.910278][0.181205,0.234502,0][0.400708,-0.259567,0.241834][0.333878,0.0343584,0.94199][0.172349,0.32449,0][0.571515,0.191234,-0.143206][-0.259953,-0.94124,0.215619][0.87582,0.794285,0][0.527089,0.205745,-0.0281144][-0.184606,-0.954027,-0.23612][0.870015,0.705171,0][0.482967,0.237109,-0.0511284][-0.0951233,-0.988443,-0.11803][0.820672,0.714842,0][0.482967,0.237109,-0.0511284][-0.0951233,-0.988443,-0.11803][0.820672,0.714842,0][0.541478,0.214981,-0.179533][-0.252776,-0.905731,0.340229][0.835536,0.811616,0][0.571515,0.191234,-0.143206][-0.259953,-0.94124,0.215619][0.87582,0.794285,0][0.482967,0.237109,-0.0511284][-0.0951233,-0.988443,-0.11803][0.820672,0.714842,0][0.527089,0.205745,-0.0281144][-0.184606,-0.954027,-0.23612][0.870015,0.705171,0][0.472641,0.159394,0.0927448][-0.0603824,-0.74022,-0.669648][0.863519,0.598112,0][0.472641,0.159394,0.0927448][-0.0603824,-0.74022,-0.669648][0.863519,0.598112,0][0.41785,0.188186,0.0848844][0.0388373,-0.803339,-0.594254][0.808369,0.599221,0][0.482967,0.237109,-0.0511284][-0.0951233,-0.988443,-0.11803][0.820672,0.714842,0][0.472641,0.159394,0.0927448][-0.0603824,-0.74022,-0.669648][0.863519,0.598112,0][0.527089,0.205745,-0.0281144][-0.184606,-0.954027,-0.23612][0.870015,0.705171,0][0.578483,0.211,-0.0289231][-0.31541,-0.929339,-0.191952][0.912035,0.718692,0][0.578483,0.211,-0.0289231][-0.31541,-0.929339,-0.191952][0.912035,0.718692,0][0.52573,0.160496,0.104332][-0.210235,-0.716352,-0.665313][0.91054,0.605295,0][0.472641,0.159394,0.0927448][-0.0603824,-0.74022,-0.669648][0.863519,0.598112,0][0.578483,0.211,-0.0289231][-0.31541,-0.929339,-0.191952][0.912035,0.718692,0][0.527089,0.205745,-0.0281144][-0.184606,-0.954027,-0.23612][0.870015,0.705171,0][0.571515,0.191234,-0.143206][-0.259953,-0.94124,0.215619][0.87582,0.794285,0][0.571515,0.191234,-0.143206][-0.259953,-0.94124,0.215619][0.87582,0.794285,0][0.617673,0.196124,-0.157297][-0.32231,-0.87646,0.357678][0.910428,0.812823,0][0.578483,0.211,-0.0289231][-0.31541,-0.929339,-0.191952][0.912035,0.718692,0][0.646952,0.128124,-0.232011][-0.536944,-0.657153,0.529001][0.90502,0.876316,0][0.606862,0.151618,-0.216149][-0.309857,-0.837607,0.449892][0.878434,0.85519,0][0.643655,0.0547762,-0.285016][-0.041425,-0.506564,0.861207][0.881872,0.917486,0][0.643655,0.0547762,-0.285016][-0.041425,-0.506564,0.861207][0.881872,0.917486,0][0.663551,0.0631137,-0.281599][-0.593616,-0.485598,0.641727][0.900679,0.910638,0][0.646952,0.128124,-0.232011][-0.536944,-0.657153,0.529001][0.90502,0.876316,0][0.643655,0.0547762,-0.285016][-0.041425,-0.506564,0.861207][0.881872,0.917486,0][0.606862,0.151618,-0.216149][-0.309857,-0.837607,0.449892][0.878434,0.85519,0][0.569279,0.134898,-0.266153][-0.091444,-0.642987,0.760399][0.850063,0.877763,0][0.569279,0.134898,-0.266153][-0.091444,-0.642987,0.760399][0.850063,0.877763,0][0.615665,0.0573597,-0.282203][0.0848328,-0.153052,0.98457][0.861636,0.913041,0][0.643655,0.0547762,-0.285016][-0.041425,-0.506564,0.861207][0.881872,0.917486,0][0.569279,0.134898,-0.266153][-0.091444,-0.642987,0.760399][0.850063,0.877763,0][0.606862,0.151618,-0.216149][-0.309857,-0.837607,0.449892][0.878434,0.85519,0][0.571515,0.191234,-0.143206][-0.259953,-0.94124,0.215619][0.87582,0.794285,0][0.571515,0.191234,-0.143206][-0.259953,-0.94124,0.215619][0.87582,0.794285,0][0.541478,0.214981,-0.179533][-0.252776,-0.905731,0.340229][0.835536,0.811616,0][0.569279,0.134898,-0.266153][-0.091444,-0.642987,0.760399][0.850063,0.877763,0][0.571515,0.191234,-0.143206][-0.259953,-0.94124,0.215619][0.87582,0.794285,0][0.606862,0.151618,-0.216149][-0.309857,-0.837607,0.449892][0.878434,0.85519,0][0.646952,0.128124,-0.232011][-0.536944,-0.657153,0.529001][0.90502,0.876316,0][0.646952,0.128124,-0.232011][-0.536944,-0.657153,0.529001][0.90502,0.876316,0][0.617673,0.196124,-0.157297][-0.32231,-0.87646,0.357678][0.910428,0.812823,0][0.571515,0.191234,-0.143206][-0.259953,-0.94124,0.215619][0.87582,0.794285,0][0.152699,-0.550467,0.293243][-0.531848,-0.702771,-0.472494][0.351663,0.0303943,0][0.133103,-0.500956,0.270611][-0.693734,-0.386079,-0.60801][0.378031,0.0717593,0][0.19978,-0.537707,0.270867][-0.130764,-0.5139,-0.847825][0.406954,0.0197773,0][0.19978,-0.537707,0.270867][-0.130764,-0.5139,-0.847825][0.406954,0.0197773,0][0.187039,-0.563823,0.288522][-0.210807,-0.853266,-0.476967][0.373788,0.0144951,0][0.152699,-0.550467,0.293243][-0.531848,-0.702771,-0.472494][0.351663,0.0303943,0][0.276357,-0.539574,0.272929][0.401864,-0.758366,-0.513212][0.160361,0.0780323,0][0.225196,-0.566904,0.294342][0.0989121,-0.923963,-0.369471][0.187365,0.0342453,0][0.187039,-0.563823,0.288522][-0.210807,-0.853266,-0.476967][0.173903,0.0144951,0][0.187039,-0.563823,0.288522][-0.210807,-0.853266,-0.476967][0.173903,0.0144951,0][0.19978,-0.537707,0.270867][-0.130764,-0.5139,-0.847825][0.142157,0.0228113,0][0.276357,-0.539574,0.272929][0.401864,-0.758366,-0.513212][0.160361,0.0780323,0][0.200478,-0.427545,0.287837][0.0195884,-0.234185,-0.971995][0.844487,0.0761271,0][0.248288,-0.402318,0.270668][-0.0510752,-0.259273,-0.964453][0.870274,0.10852,0][0.231378,-0.460119,0.283917][-0.0453287,-0.21139,-0.97635][0.875761,0.0647103,0][0.231378,-0.460119,0.283917][-0.0453287,-0.21139,-0.97635][0.875761,0.0647103,0][0.195425,-0.481776,0.297608][-0.274224,-0.145723,-0.950561][0.856805,0.0450197,0][0.200478,-0.427545,0.287837][0.0195884,-0.234185,-0.971995][0.844487,0.0761271,0][0.231378,-0.460119,0.283917][-0.0453287,-0.21139,-0.97635][0.875761,0.0647103,0][0.248288,-0.402318,0.270668][-0.0510752,-0.259273,-0.964453][0.870274,0.10852,0][0.276862,-0.444503,0.289005][-0.124217,-0.198409,-0.972216][0.904036,0.0850267,0][0.276862,-0.444503,0.289005][-0.124217,-0.198409,-0.972216][0.904036,0.0850267,0][0.255023,-0.493679,0.298432][0.19766,-0.268505,-0.942781][0.900696,0.05175,0][0.231378,-0.460119,0.283917][-0.0453287,-0.21139,-0.97635][0.875761,0.0647103,0][0.276862,-0.444503,0.289005][-0.124217,-0.198409,-0.972216][0.904036,0.0850267,0][0.248288,-0.402318,0.270668][-0.0510752,-0.259273,-0.964453][0.870274,0.10852,0][0.272344,-0.32983,0.248485][-0.0550244,-0.282058,-0.957818][0.864311,0.171087,0][0.272344,-0.32983,0.248485][-0.0550244,-0.282058,-0.957818][0.864311,0.171087,0][0.305682,-0.365488,0.265928][-0.306457,-0.15072,-0.939876][0.903365,0.150866,0][0.276862,-0.444503,0.289005][-0.124217,-0.198409,-0.972216][0.904036,0.0850267,0][0.272344,-0.32983,0.248485][-0.0550244,-0.282058,-0.957818][0.864311,0.171087,0][0.248288,-0.402318,0.270668][-0.0510752,-0.259273,-0.964453][0.870274,0.10852,0][0.200478,-0.427545,0.287837][0.0195884,-0.234185,-0.971995][0.844487,0.0761271,0][0.200478,-0.427545,0.287837][0.0195884,-0.234185,-0.971995][0.844487,0.0761271,0][0.219688,-0.343913,0.264516][0.215413,-0.319305,-0.922844][0.828741,0.141198,0][0.272344,-0.32983,0.248485][-0.0550244,-0.282058,-0.957818][0.864311,0.171087,0][0.472641,0.159394,0.0927448][-0.0603824,-0.74022,-0.669648][0.863519,0.598112,0][0.412368,0.0402646,0.170601][0.0400459,-0.39224,-0.918991][0.857878,0.482022,0][0.353264,0.0571465,0.171116][0.180017,-0.418258,-0.890311][0.80364,0.474514,0][0.353264,0.0571465,0.171116][0.180017,-0.418258,-0.890311][0.80364,0.474514,0][0.41785,0.188186,0.0848844][0.0388373,-0.803339,-0.594254][0.808369,0.599221,0][0.472641,0.159394,0.0927448][-0.0603824,-0.74022,-0.669648][0.863519,0.598112,0][0.353264,0.0571465,0.171116][0.180017,-0.418258,-0.890311][0.80364,0.474514,0][0.412368,0.0402646,0.170601][0.0400459,-0.39224,-0.918991][0.857878,0.482022,0][0.354734,-0.105102,0.197531][0.0445504,-0.195822,-0.979627][0.855025,0.366134,0][0.354734,-0.105102,0.197531][0.0445504,-0.195822,-0.979627][0.855025,0.366134,0][0.295576,-0.100388,0.202309][0.223749,-0.266066,-0.937628][0.804392,0.35015,0][0.353264,0.0571465,0.171116][0.180017,-0.418258,-0.890311][0.80364,0.474514,0][0.354734,-0.105102,0.197531][0.0445504,-0.195822,-0.979627][0.855025,0.366134,0][0.412368,0.0402646,0.170601][0.0400459,-0.39224,-0.918991][0.857878,0.482022,0][0.460052,0.0273085,0.187018][-0.118389,-0.294855,-0.94818][0.903542,0.480678,0][0.460052,0.0273085,0.187018][-0.118389,-0.294855,-0.94818][0.903542,0.480678,0][0.395108,-0.130975,0.211349][-0.15308,-0.0967251,-0.983469][0.897943,0.356372,0][0.354734,-0.105102,0.197531][0.0445504,-0.195822,-0.979627][0.855025,0.366134,0][0.460052,0.0273085,0.187018][-0.118389,-0.294855,-0.94818][0.903542,0.480678,0][0.412368,0.0402646,0.170601][0.0400459,-0.39224,-0.918991][0.857878,0.482022,0][0.472641,0.159394,0.0927448][-0.0603824,-0.74022,-0.669648][0.863519,0.598112,0][0.472641,0.159394,0.0927448][-0.0603824,-0.74022,-0.669648][0.863519,0.598112,0][0.52573,0.160496,0.104332][-0.210235,-0.716352,-0.665313][0.91054,0.605295,0][0.460052,0.0273085,0.187018][-0.118389,-0.294855,-0.94818][0.903542,0.480678,0][0.344276,-0.263011,0.233334][-0.243275,-0.132647,-0.960844][0.899613,0.244074,0][0.307914,-0.232094,0.216794][-0.027384,-0.199575,-0.9795][0.858128,0.259575,0][0.354734,-0.105102,0.197531][0.0445504,-0.195822,-0.979627][0.855025,0.366134,0][0.354734,-0.105102,0.197531][0.0445504,-0.195822,-0.979627][0.855025,0.366134,0][0.395108,-0.130975,0.211349][-0.15308,-0.0967251,-0.983469][0.897943,0.356372,0][0.344276,-0.263011,0.233334][-0.243275,-0.132647,-0.960844][0.899613,0.244074,0][0.354734,-0.105102,0.197531][0.0445504,-0.195822,-0.979627][0.855025,0.366134,0][0.307914,-0.232094,0.216794][-0.027384,-0.199575,-0.9795][0.858128,0.259575,0][0.251129,-0.234975,0.231709][0.197357,-0.294513,-0.935047][0.81385,0.235888,0][0.251129,-0.234975,0.231709][0.197357,-0.294513,-0.935047][0.81385,0.235888,0][0.295576,-0.100388,0.202309][0.223749,-0.266066,-0.937628][0.804392,0.35015,0][0.354734,-0.105102,0.197531][0.0445504,-0.195822,-0.979627][0.855025,0.366134,0][0.251129,-0.234975,0.231709][0.197357,-0.294513,-0.935047][0.81385,0.235888,0][0.307914,-0.232094,0.216794][-0.027384,-0.199575,-0.9795][0.858128,0.259575,0][0.272344,-0.32983,0.248485][-0.0550244,-0.282058,-0.957818][0.864311,0.171087,0][0.272344,-0.32983,0.248485][-0.0550244,-0.282058,-0.957818][0.864311,0.171087,0][0.219688,-0.343913,0.264516][0.215413,-0.319305,-0.922844][0.828741,0.141198,0][0.251129,-0.234975,0.231709][0.197357,-0.294513,-0.935047][0.81385,0.235888,0][0.272344,-0.32983,0.248485][-0.0550244,-0.282058,-0.957818][0.864311,0.171087,0][0.307914,-0.232094,0.216794][-0.027384,-0.199575,-0.9795][0.858128,0.259575,0][0.344276,-0.263011,0.233334][-0.243275,-0.132647,-0.960844][0.899613,0.244074,0][0.344276,-0.263011,0.233334][-0.243275,-0.132647,-0.960844][0.899613,0.244074,0][0.305682,-0.365488,0.265928][-0.306457,-0.15072,-0.939876][0.903365,0.150866,0][0.272344,-0.32983,0.248485][-0.0550244,-0.282058,-0.957818][0.864311,0.171087,0][0.677732,0.148526,-0.0318799][0.628646,-0.767335,0.126493][0.116124,0.755251,0][0.692251,0.17199,-0.0290087][0.956945,0.184445,0.224133][0.137375,0.753053,0][0.651106,0.130621,0.106532][0.868393,0.0574154,0.492542][0.12249,0.661042,0][0.651106,0.130621,0.106532][0.868393,0.0574154,0.492542][0.12249,0.661042,0][0.63752,0.110194,0.0944838][0.671519,-0.724453,-0.155657][0.100905,0.661119,0][0.677732,0.148526,-0.0318799][0.628646,-0.767335,0.126493][0.116124,0.755251,0][0.651106,0.130621,0.106532][0.868393,0.0574154,0.492542][0.12249,0.661042,0][0.692251,0.17199,-0.0290087][0.956945,0.184445,0.224133][0.137375,0.753053,0][0.661127,0.20655,-0.0377644][0.53818,0.832493,0.131599][0.172636,0.750715,0][0.661127,0.20655,-0.0377644][0.53818,0.832493,0.131599][0.172636,0.750715,0][0.613433,0.167208,0.109579][0.378372,0.663513,0.645434][0.161836,0.657741,0][0.651106,0.130621,0.106532][0.868393,0.0574154,0.492542][0.12249,0.661042,0][0.661127,0.20655,-0.0377644][0.53818,0.832493,0.131599][0.172636,0.750715,0][0.692251,0.17199,-0.0290087][0.956945,0.184445,0.224133][0.137375,0.753053,0][0.711073,0.140647,-0.161885][0.98951,0.125377,0.0717669][0.159796,0.834664,0][0.711073,0.140647,-0.161885][0.98951,0.125377,0.0717669][0.159796,0.834664,0][0.690962,0.168355,-0.181107][0.664409,0.684439,-0.300173][0.189606,0.832312,0][0.661127,0.20655,-0.0377644][0.53818,0.832493,0.131599][0.172636,0.750715,0][0.711073,0.140647,-0.161885][0.98951,0.125377,0.0717669][0.159796,0.834664,0][0.692251,0.17199,-0.0290087][0.956945,0.184445,0.224133][0.137375,0.753053,0][0.677732,0.148526,-0.0318799][0.628646,-0.767335,0.126493][0.116124,0.755251,0][0.677732,0.148526,-0.0318799][0.628646,-0.767335,0.126493][0.116124,0.755251,0][0.696033,0.120748,-0.153002][0.614363,-0.60822,0.502621][0.140219,0.837764,0][0.711073,0.140647,-0.161885][0.98951,0.125377,0.0717669][0.159796,0.834664,0][0.390642,0.250329,-0.131241][-0.844784,-0.311436,-0.435141][0.410738,0.755017,0][0.390712,0.280587,-0.130142][-0.585723,0.689868,-0.425454][0.389487,0.752161,0][0.474082,0.212978,-0.268267][-0.488238,0.424398,-0.762568][0.360454,0.837652,0][0.474082,0.212978,-0.268267][-0.488238,0.424398,-0.762568][0.360454,0.837652,0][0.471159,0.186008,-0.259179][-0.856053,-0.359265,-0.371622][0.379602,0.841988,0][0.390642,0.250329,-0.131241][-0.844784,-0.311436,-0.435141][0.410738,0.755017,0][0.474082,0.212978,-0.268267][-0.488238,0.424398,-0.762568][0.360454,0.837652,0][0.390712,0.280587,-0.130142][-0.585723,0.689868,-0.425454][0.389487,0.752161,0][0.434973,0.288508,-0.111935][0.101212,0.99171,-0.0791611][0.352711,0.750046,0][0.434973,0.288508,-0.111935][0.101212,0.99171,-0.0791611][0.352711,0.750046,0][0.511747,0.225456,-0.257727][0.175672,0.791728,-0.58507][0.329833,0.834239,0][0.474082,0.212978,-0.268267][-0.488238,0.424398,-0.762568][0.360454,0.837652,0][0.434973,0.288508,-0.111935][0.101212,0.99171,-0.0791611][0.352711,0.750046,0][0.390712,0.280587,-0.130142][-0.585723,0.689868,-0.425454][0.389487,0.752161,0][0.309451,0.26037,0.0263726][-0.69922,0.714816,0.0114074][0.410222,0.655919,0][0.309451,0.26037,0.0263726][-0.69922,0.714816,0.0114074][0.410222,0.655919,0][0.357191,0.262454,0.0504738][-0.0534638,0.880296,0.471402][0.369609,0.654045,0][0.434973,0.288508,-0.111935][0.101212,0.99171,-0.0791611][0.352711,0.750046,0][0.309451,0.26037,0.0263726][-0.69922,0.714816,0.0114074][0.410222,0.655919,0][0.390712,0.280587,-0.130142][-0.585723,0.689868,-0.425454][0.389487,0.752161,0][0.390642,0.250329,-0.131241][-0.844784,-0.311436,-0.435141][0.410738,0.755017,0][0.390642,0.250329,-0.131241][-0.844784,-0.311436,-0.435141][0.410738,0.755017,0][0.312236,0.233187,0.0142282][-0.810646,-0.182937,-0.556225][0.431609,0.656799,0][0.309451,0.26037,0.0263726][-0.69922,0.714816,0.0114074][0.410222,0.655919,0][0.54721,0.0516572,-0.314862][-0.883018,-0.443987,-0.152166][0.332172,0.914214,0][0.555445,0.064827,-0.336536][-0.489607,-0.0510232,-0.870449][0.3269,0.908334,0][0.608435,-0.040164,-0.334677][-0.375399,-0.489662,-0.786961][0.297507,0.956751,0][0.608435,-0.040164,-0.334677][-0.375399,-0.489662,-0.786961][0.297507,0.956751,0][0.597917,-0.0450039,-0.312146][-0.686083,-0.727099,0.0248542][0.30073,0.961287,0][0.54721,0.0516572,-0.314862][-0.883018,-0.443987,-0.152166][0.332172,0.914214,0][0.608435,-0.040164,-0.334677][-0.375399,-0.489662,-0.786961][0.297507,0.956751,0][0.555445,0.064827,-0.336536][-0.489607,-0.0510232,-0.870449][0.3269,0.908334,0][0.586978,0.0736017,-0.337281][0.141469,0.314468,-0.938667][0.302242,0.903458,0][0.586978,0.0736017,-0.337281][0.141469,0.314468,-0.938667][0.302242,0.903458,0][0.619266,-0.00948477,-0.337216][0.0099266,-0.0267841,-0.999592][0.286054,0.941384,0][0.608435,-0.040164,-0.334677][-0.375399,-0.489662,-0.786961][0.297507,0.956751,0][0.586978,0.0736017,-0.337281][0.141469,0.314468,-0.938667][0.302242,0.903458,0][0.555445,0.064827,-0.336536][-0.489607,-0.0510232,-0.870449][0.3269,0.908334,0][0.474082,0.212978,-0.268267][-0.488238,0.424398,-0.762568][0.360454,0.837652,0][0.474082,0.212978,-0.268267][-0.488238,0.424398,-0.762568][0.360454,0.837652,0][0.511747,0.225456,-0.257727][0.175672,0.791728,-0.58507][0.329833,0.834239,0][0.586978,0.0736017,-0.337281][0.141469,0.314468,-0.938667][0.302242,0.903458,0][0.474082,0.212978,-0.268267][-0.488238,0.424398,-0.762568][0.360454,0.837652,0][0.555445,0.064827,-0.336536][-0.489607,-0.0510232,-0.870449][0.3269,0.908334,0][0.54721,0.0516572,-0.314862][-0.883018,-0.443987,-0.152166][0.332172,0.914214,0][0.54721,0.0516572,-0.314862][-0.883018,-0.443987,-0.152166][0.332172,0.914214,0][0.471159,0.186008,-0.259179][-0.856053,-0.359265,-0.371622][0.379602,0.841988,0][0.474082,0.212978,-0.268267][-0.488238,0.424398,-0.762568][0.360454,0.837652,0][0.642942,-0.0670538,-0.305973][-0.0940055,-0.976506,0.193904][0.21334,0.976594,0][0.655628,-0.0633011,-0.328023][0.275126,-0.755909,-0.594059][0.227725,0.976594,0][0.693634,-0.0376215,-0.299256][0.843426,-0.502075,-0.191188][0.222524,0.950402,0][0.693634,-0.0376215,-0.299256][0.843426,-0.502075,-0.191188][0.222524,0.950402,0][0.679034,-0.0425835,-0.278423][0.397053,-0.762458,0.510888][0.205236,0.95417,0][0.642942,-0.0670538,-0.305973][-0.0940055,-0.976506,0.193904][0.21334,0.976594,0][0.693634,-0.0376215,-0.299256][0.843426,-0.502075,-0.191188][0.222524,0.950402,0][0.655628,-0.0633011,-0.328023][0.275126,-0.755909,-0.594059][0.227725,0.976594,0][0.662798,-0.0260668,-0.333204][0.437024,-0.02886,-0.898987][0.250944,0.958163,0][0.662798,-0.0260668,-0.333204][0.437024,-0.02886,-0.898987][0.250944,0.958163,0][0.692916,-0.010603,-0.303054][0.797319,0.0476368,-0.601676][0.222646,0.937833,0][0.693634,-0.0376215,-0.299256][0.843426,-0.502075,-0.191188][0.222524,0.950402,0][0.662798,-0.0260668,-0.333204][0.437024,-0.02886,-0.898987][0.250944,0.958163,0][0.655628,-0.0633011,-0.328023][0.275126,-0.755909,-0.594059][0.272316,0.976594,0][0.608435,-0.040164,-0.334677][-0.375399,-0.489662,-0.786961][0.297507,0.956751,0][0.608435,-0.040164,-0.334677][-0.375399,-0.489662,-0.786961][0.297507,0.956751,0][0.619266,-0.00948477,-0.337216][0.0099266,-0.0267841,-0.999592][0.286054,0.941384,0][0.662798,-0.0260668,-0.333204][0.437024,-0.02886,-0.898987][0.250944,0.958163,0][0.608435,-0.040164,-0.334677][-0.375399,-0.489662,-0.786961][0.297507,0.956751,0][0.655628,-0.0633011,-0.328023][0.275126,-0.755909,-0.594059][0.272316,0.976594,0][0.642942,-0.0670538,-0.305973][-0.0940055,-0.976506,0.193904][0.296655,0.976594,0][0.642942,-0.0670538,-0.305973][-0.0940055,-0.976506,0.193904][0.296655,0.976594,0][0.597917,-0.0450039,-0.312146][-0.686083,-0.727099,0.0248542][0.30073,0.961287,0][0.608435,-0.040164,-0.334677][-0.375399,-0.489662,-0.786961][0.297507,0.956751,0][0.700976,0.0268068,-0.227799][0.539463,-0.549769,0.637757][0.17898,0.906773,0][0.716773,0.0385799,-0.247219][0.983958,-0.168126,0.0596638][0.198296,0.902753,0][0.711073,0.140647,-0.161885][0.98951,0.125377,0.0717669][0.159796,0.834664,0][0.711073,0.140647,-0.161885][0.98951,0.125377,0.0717669][0.159796,0.834664,0][0.696033,0.120748,-0.153002][0.614363,-0.60822,0.502621][0.140219,0.837764,0][0.700976,0.0268068,-0.227799][0.539463,-0.549769,0.637757][0.17898,0.906773,0][0.711073,0.140647,-0.161885][0.98951,0.125377,0.0717669][0.159796,0.834664,0][0.716773,0.0385799,-0.247219][0.983958,-0.168126,0.0596638][0.198296,0.902753,0][0.707847,0.0565138,-0.272269][0.809282,0.287928,-0.512017][0.211495,0.900017,0][0.707847,0.0565138,-0.272269][0.809282,0.287928,-0.512017][0.211495,0.900017,0][0.690962,0.168355,-0.181107][0.664409,0.684439,-0.300173][0.189606,0.832312,0][0.711073,0.140647,-0.161885][0.98951,0.125377,0.0717669][0.159796,0.834664,0][0.707847,0.0565138,-0.272269][0.809282,0.287928,-0.512017][0.211495,0.900017,0][0.716773,0.0385799,-0.247219][0.983958,-0.168126,0.0596638][0.198296,0.902753,0][0.693634,-0.0376215,-0.299256][0.843426,-0.502075,-0.191188][0.222524,0.950402,0][0.693634,-0.0376215,-0.299256][0.843426,-0.502075,-0.191188][0.222524,0.950402,0][0.692916,-0.010603,-0.303054][0.797319,0.0476368,-0.601676][0.222646,0.937833,0][0.707847,0.0565138,-0.272269][0.809282,0.287928,-0.512017][0.211495,0.900017,0][0.693634,-0.0376215,-0.299256][0.843426,-0.502075,-0.191188][0.222524,0.950402,0][0.716773,0.0385799,-0.247219][0.983958,-0.168126,0.0596638][0.198296,0.902753,0][0.700976,0.0268068,-0.227799][0.539463,-0.549769,0.637757][0.17898,0.906773,0][0.700976,0.0268068,-0.227799][0.539463,-0.549769,0.637757][0.17898,0.906773,0][0.679034,-0.0425835,-0.278423][0.397053,-0.762458,0.510888][0.205236,0.95417,0][0.693634,-0.0376215,-0.299256][0.843426,-0.502075,-0.191188][0.222524,0.950402,0][0.276357,-0.539574,0.272929][0.401864,-0.758366,-0.513212][0.160361,0.0780323,0][0.294908,-0.530289,0.29925][0.748956,-0.595795,0.289989][0.182206,0.0931503,0][0.23452,-0.567534,0.313555][0.283988,-0.925975,0.248839][0.207782,0.0421863,0][0.23452,-0.567534,0.313555][0.283988,-0.925975,0.248839][0.207782,0.0421863,0][0.225196,-0.566904,0.294342][0.0989121,-0.923963,-0.369471][0.187365,0.0342453,0][0.276357,-0.539574,0.272929][0.401864,-0.758366,-0.513212][0.160361,0.0780323,0][0.227508,-0.557725,0.330419][0.201581,-0.523276,0.827977][0.22884,0.0456363,0][0.23452,-0.567534,0.313555][0.283988,-0.925975,0.248839][0.207782,0.0421863,0][0.294908,-0.530289,0.29925][0.748956,-0.595795,0.289989][0.182206,0.0931503,0][0.294908,-0.530289,0.29925][0.748956,-0.595795,0.289989][0.182206,0.0931503,0][0.27472,-0.518229,0.323285][0.433569,-0.134087,0.891088][0.209806,0.0928513,0][0.227508,-0.557725,0.330419][0.201581,-0.523276,0.827977][0.22884,0.0456363,0][0.187039,-0.563823,0.288522][-0.210807,-0.853266,-0.476967][0.0261945,0.93885,0][0.186618,-0.562178,0.314235][-0.21202,-0.944116,0.252372][0.0538197,0.923472,0][0.142637,-0.547711,0.312223][-0.767906,-0.605566,0.20883][0.0273986,0.874814,0][0.142637,-0.547711,0.312223][-0.767906,-0.605566,0.20883][0.0273986,0.874814,0][0.152699,-0.550467,0.293243][-0.531848,-0.702771,-0.472494][0.011724,0.896416,0][0.187039,-0.563823,0.288522][-0.210807,-0.853266,-0.476967][0.0261945,0.93885,0][0.142637,-0.547711,0.312223][-0.767906,-0.605566,0.20883][0.0273986,0.874814,0][0.186618,-0.562178,0.314235][-0.21202,-0.944116,0.252372][0.0538197,0.923472,0][0.190119,-0.551533,0.337281][-0.107925,-0.453818,0.884535][0.0818289,0.910461,0][0.190119,-0.551533,0.337281][-0.107925,-0.453818,0.884535][0.0818289,0.910461,0][0.155011,-0.541431,0.329402][-0.480641,-0.321939,0.815684][0.0541363,0.874814,0][0.142637,-0.547711,0.312223][-0.767906,-0.605566,0.20883][0.0273986,0.874814,0][0.190119,-0.551533,0.337281][-0.107925,-0.453818,0.884535][0.0818289,0.910461,0][0.186618,-0.562178,0.314235][-0.21202,-0.944116,0.252372][0.0538197,0.923472,0][0.23452,-0.567534,0.313555][0.283988,-0.925975,0.248839][0.0807007,0.97456,0][0.23452,-0.567534,0.313555][0.283988,-0.925975,0.248839][0.0807007,0.97456,0][0.227508,-0.557725,0.330419][0.201581,-0.523276,0.827977][0.0963647,0.954836,0][0.190119,-0.551533,0.337281][-0.107925,-0.453818,0.884535][0.0818289,0.910461,0][0.23452,-0.567534,0.313555][0.283988,-0.925975,0.248839][0.0807007,0.97456,0][0.186618,-0.562178,0.314235][-0.21202,-0.944116,0.252372][0.0538197,0.923472,0][0.187039,-0.563823,0.288522][-0.210807,-0.853266,-0.476967][0.0261945,0.93885,0][0.187039,-0.563823,0.288522][-0.210807,-0.853266,-0.476967][0.0261945,0.93885,0][0.225196,-0.566904,0.294342][0.0989121,-0.923963,-0.369471][0.0544457,0.976178,0][0.23452,-0.567534,0.313555][0.283988,-0.925975,0.248839][0.0807007,0.97456,0][0.152699,-0.550467,0.293243][-0.531848,-0.702771,-0.472494][0.351663,0.0303943,0][0.142637,-0.547711,0.312223][-0.767906,-0.605566,0.20883][0.330648,0.0368653,0][0.120158,-0.483302,0.296558][-0.972025,-0.0626034,0.226383][0.355271,0.0864733,0][0.120158,-0.483302,0.296558][-0.972025,-0.0626034,0.226383][0.355271,0.0864733,0][0.133103,-0.500956,0.270611][-0.693734,-0.386079,-0.60801][0.378031,0.0717593,0][0.152699,-0.550467,0.293243][-0.531848,-0.702771,-0.472494][0.351663,0.0303943,0][0.143657,-0.483148,0.321356][-0.461938,0.157509,0.872814][0.327172,0.0875853,0][0.120158,-0.483302,0.296558][-0.972025,-0.0626034,0.226383][0.355271,0.0864733,0][0.142637,-0.547711,0.312223][-0.767906,-0.605566,0.20883][0.330648,0.0368653,0][0.142637,-0.547711,0.312223][-0.767906,-0.605566,0.20883][0.330648,0.0368653,0][0.155011,-0.541431,0.329402][-0.480641,-0.321939,0.815684][0.309454,0.0429273,0][0.143657,-0.483148,0.321356][-0.461938,0.157509,0.872814][0.327172,0.0875853,0][0.331109,-0.46937,0.251594][0.717251,-0.577938,-0.38928][0.136579,0.148047,0][0.33691,-0.463655,0.276864][0.84777,-0.371773,0.378246][0.161349,0.152194,0][0.294908,-0.530289,0.29925][0.748956,-0.595795,0.289989][0.182206,0.0931503,0][0.294908,-0.530289,0.29925][0.748956,-0.595795,0.289989][0.182206,0.0931503,0][0.276357,-0.539574,0.272929][0.401864,-0.758366,-0.513212][0.160361,0.0780323,0][0.331109,-0.46937,0.251594][0.717251,-0.577938,-0.38928][0.136579,0.148047,0][0.294908,-0.530289,0.29925][0.748956,-0.595795,0.289989][0.182206,0.0931503,0][0.33691,-0.463655,0.276864][0.84777,-0.371773,0.378246][0.161349,0.152194,0][0.312139,-0.449538,0.300852][0.434106,0.0536308,0.899264][0.195734,0.152508,0][0.312139,-0.449538,0.300852][0.434106,0.0536308,0.899264][0.195734,0.152508,0][0.27472,-0.518229,0.323285][0.433569,-0.134087,0.891088][0.209806,0.0928513,0][0.294908,-0.530289,0.29925][0.748956,-0.595795,0.289989][0.182206,0.0931503,0][0.312139,-0.449538,0.300852][0.434106,0.0536308,0.899264][0.195734,0.152508,0][0.33691,-0.463655,0.276864][0.84777,-0.371773,0.378246][0.161349,0.152194,0][0.385203,-0.375979,0.247699][0.866052,-0.314453,0.38868][0.14321,0.23418,0][0.385203,-0.375979,0.247699][0.866052,-0.314453,0.38868][0.14321,0.23418,0][0.356035,-0.359035,0.271629][0.403024,0.0946816,0.910278][0.181205,0.234502,0][0.312139,-0.449538,0.300852][0.434106,0.0536308,0.899264][0.195734,0.152508,0][0.385203,-0.375979,0.247699][0.866052,-0.314453,0.38868][0.14321,0.23418,0][0.33691,-0.463655,0.276864][0.84777,-0.371773,0.378246][0.161349,0.152194,0][0.331109,-0.46937,0.251594][0.717251,-0.577938,-0.38928][0.136579,0.148047,0][0.331109,-0.46937,0.251594][0.717251,-0.577938,-0.38928][0.136579,0.148047,0][0.378056,-0.383017,0.222754][0.729743,-0.51755,-0.446785][0.118625,0.230292,0][0.385203,-0.375979,0.247699][0.866052,-0.314453,0.38868][0.14321,0.23418,0][0.129556,-0.408734,0.247983][-0.836789,-0.0972228,-0.538824][0.402057,0.142995,0][0.125212,-0.400244,0.273246][-0.933695,0.170516,0.314861][0.377479,0.147865,0][0.13757,-0.291158,0.242902][-0.917344,0.226126,0.327638][0.398542,0.235783,0][0.13757,-0.291158,0.242902][-0.917344,0.226126,0.327638][0.398542,0.235783,0][0.142289,-0.301959,0.217963][-0.815376,-0.0422448,-0.577388][0.422862,0.230974,0][0.129556,-0.408734,0.247983][-0.836789,-0.0972228,-0.538824][0.402057,0.142995,0][0.13757,-0.291158,0.242902][-0.917344,0.226126,0.327638][0.398542,0.235783,0][0.125212,-0.400244,0.273246][-0.933695,0.170516,0.314861][0.377479,0.147865,0][0.153366,-0.402174,0.298244][-0.355285,0.292325,0.887873][0.342898,0.149361,0][0.153366,-0.402174,0.298244][-0.355285,0.292325,0.887873][0.342898,0.149361,0][0.17031,-0.295556,0.26815][-0.301266,0.299027,0.90544][0.360545,0.235716,0][0.13757,-0.291158,0.242902][-0.917344,0.226126,0.327638][0.398542,0.235783,0][0.153366,-0.402174,0.298244][-0.355285,0.292325,0.887873][0.342898,0.149361,0][0.125212,-0.400244,0.273246][-0.933695,0.170516,0.314861][0.377479,0.147865,0][0.120158,-0.483302,0.296558][-0.972025,-0.0626034,0.226383][0.355271,0.0864733,0][0.120158,-0.483302,0.296558][-0.972025,-0.0626034,0.226383][0.355271,0.0864733,0][0.143657,-0.483148,0.321356][-0.461938,0.157509,0.872814][0.327172,0.0875853,0][0.153366,-0.402174,0.298244][-0.355285,0.292325,0.887873][0.342898,0.149361,0][0.120158,-0.483302,0.296558][-0.972025,-0.0626034,0.226383][0.355271,0.0864733,0][0.125212,-0.400244,0.273246][-0.933695,0.170516,0.314861][0.377479,0.147865,0][0.129556,-0.408734,0.247983][-0.836789,-0.0972228,-0.538824][0.402057,0.142995,0][0.129556,-0.408734,0.247983][-0.836789,-0.0972228,-0.538824][0.402057,0.142995,0][0.133103,-0.500956,0.270611][-0.693734,-0.386079,-0.60801][0.378031,0.0717593,0][0.120158,-0.483302,0.296558][-0.972025,-0.0626034,0.226383][0.355271,0.0864733,0][0.563621,-0.0142469,0.171145][0.703253,-0.553504,-0.446171][0.0913008,0.547817,0][0.574946,-0.000527859,0.189428][0.785499,-0.249087,0.566522][0.11562,0.549659,0][0.492699,-0.157038,0.208135][0.817494,-0.343726,0.462121][0.120639,0.428607,0][0.492699,-0.157038,0.208135][0.817494,-0.343726,0.462121][0.120639,0.428607,0][0.483688,-0.165556,0.186344][0.734266,-0.414806,-0.537391][0.0953418,0.426139,0][0.563621,-0.0142469,0.171145][0.703253,-0.553504,-0.446171][0.0913008,0.547817,0][0.492699,-0.157038,0.208135][0.817494,-0.343726,0.462121][0.120639,0.428607,0][0.574946,-0.000527859,0.189428][0.785499,-0.249087,0.566522][0.11562,0.549659,0][0.536828,0.0312109,0.202927][0.246548,0.256792,0.93449][0.158575,0.546334,0][0.536828,0.0312109,0.202927][0.246548,0.256792,0.93449][0.158575,0.546334,0][0.457268,-0.132013,0.227525][0.241701,0.0151805,0.970232][0.165173,0.427927,0][0.492699,-0.157038,0.208135][0.817494,-0.343726,0.462121][0.120639,0.428607,0][0.536828,0.0312109,0.202927][0.246548,0.256792,0.93449][0.158575,0.546334,0][0.574946,-0.000527859,0.189428][0.785499,-0.249087,0.566522][0.11562,0.549659,0][0.651106,0.130621,0.106532][0.868393,0.0574154,0.492542][0.12249,0.661042,0][0.651106,0.130621,0.106532][0.868393,0.0574154,0.492542][0.12249,0.661042,0][0.613433,0.167208,0.109579][0.378372,0.663513,0.645434][0.161836,0.657741,0][0.536828,0.0312109,0.202927][0.246548,0.256792,0.93449][0.158575,0.546334,0][0.651106,0.130621,0.106532][0.868393,0.0574154,0.492542][0.12249,0.661042,0][0.574946,-0.000527859,0.189428][0.785499,-0.249087,0.566522][0.11562,0.549659,0][0.563621,-0.0142469,0.171145][0.703253,-0.553504,-0.446171][0.0913008,0.547817,0][0.563621,-0.0142469,0.171145][0.703253,-0.553504,-0.446171][0.0913008,0.547817,0][0.63752,0.110194,0.0944838][0.671519,-0.724453,-0.155657][0.100905,0.661119,0][0.651106,0.130621,0.106532][0.868393,0.0574154,0.492542][0.12249,0.661042,0][0.245505,0.11671,0.116892][-0.745788,-0.0433101,-0.664775][0.444022,0.54854,0][0.24082,0.136694,0.135742][-0.823207,0.495428,0.277275][0.42047,0.549426,0][0.309451,0.26037,0.0263726][-0.69922,0.714816,0.0114074][0.410222,0.655919,0][0.309451,0.26037,0.0263726][-0.69922,0.714816,0.0114074][0.410222,0.655919,0][0.312236,0.233187,0.0142282][-0.810646,-0.182937,-0.556225][0.431609,0.656799,0][0.245505,0.11671,0.116892][-0.745788,-0.0433101,-0.664775][0.444022,0.54854,0][0.309451,0.26037,0.0263726][-0.69922,0.714816,0.0114074][0.410222,0.655919,0][0.24082,0.136694,0.135742][-0.823207,0.495428,0.277275][0.42047,0.549426,0][0.286233,0.132522,0.162943][-0.213594,0.520969,0.826419][0.378155,0.546728,0][0.286233,0.132522,0.162943][-0.213594,0.520969,0.826419][0.378155,0.546728,0][0.357191,0.262454,0.0504738][-0.0534638,0.880296,0.471402][0.369609,0.654045,0][0.309451,0.26037,0.0263726][-0.69922,0.714816,0.0114074][0.410222,0.655919,0][0.286233,0.132522,0.162943][-0.213594,0.520969,0.826419][0.378155,0.546728,0][0.24082,0.136694,0.135742][-0.823207,0.495428,0.277275][0.42047,0.549426,0][0.18856,-0.0256042,0.181331][-0.891706,0.331226,0.308463][0.420463,0.438064,0][0.18856,-0.0256042,0.181331][-0.891706,0.331226,0.308463][0.420463,0.438064,0][0.229164,-0.0339456,0.208055][-0.274666,0.297651,0.91431][0.379825,0.43526,0][0.286233,0.132522,0.162943][-0.213594,0.520969,0.826419][0.378155,0.546728,0][0.18856,-0.0256042,0.181331][-0.891706,0.331226,0.308463][0.420463,0.438064,0][0.24082,0.136694,0.135742][-0.823207,0.495428,0.277275][0.42047,0.549426,0][0.245505,0.11671,0.116892][-0.745788,-0.0433101,-0.664775][0.444022,0.54854,0][0.245505,0.11671,0.116892][-0.745788,-0.0433101,-0.664775][0.444022,0.54854,0][0.194123,-0.0401335,0.158793][-0.724747,0.038428,-0.687943][0.443997,0.435605,0][0.18856,-0.0256042,0.181331][-0.891706,0.331226,0.308463][0.420463,0.438064,0][0.161764,-0.180638,0.1858][-0.772303,0.0134782,-0.635112][0.436727,0.329843,0][0.156415,-0.16795,0.210973][-0.911003,0.251981,0.326463][0.412506,0.333943,0][0.18856,-0.0256042,0.181331][-0.891706,0.331226,0.308463][0.420463,0.438064,0][0.18856,-0.0256042,0.181331][-0.891706,0.331226,0.308463][0.420463,0.438064,0][0.194123,-0.0401335,0.158793][-0.724747,0.038428,-0.687943][0.443997,0.435605,0][0.161764,-0.180638,0.1858][-0.772303,0.0134782,-0.635112][0.436727,0.329843,0][0.18856,-0.0256042,0.181331][-0.891706,0.331226,0.308463][0.420463,0.438064,0][0.156415,-0.16795,0.210973][-0.911003,0.251981,0.326463][0.412506,0.333943,0][0.19305,-0.175457,0.236505][-0.285832,0.264186,0.921144][0.372891,0.331872,0][0.19305,-0.175457,0.236505][-0.285832,0.264186,0.921144][0.372891,0.331872,0][0.229164,-0.0339456,0.208055][-0.274666,0.297651,0.91431][0.379825,0.43526,0][0.18856,-0.0256042,0.181331][-0.891706,0.331226,0.308463][0.420463,0.438064,0][0.19305,-0.175457,0.236505][-0.285832,0.264186,0.921144][0.372891,0.331872,0][0.156415,-0.16795,0.210973][-0.911003,0.251981,0.326463][0.412506,0.333943,0][0.13757,-0.291158,0.242902][-0.917344,0.226126,0.327638][0.398542,0.235783,0][0.13757,-0.291158,0.242902][-0.917344,0.226126,0.327638][0.398542,0.235783,0][0.17031,-0.295556,0.26815][-0.301266,0.299027,0.90544][0.360545,0.235716,0][0.19305,-0.175457,0.236505][-0.285832,0.264186,0.921144][0.372891,0.331872,0][0.13757,-0.291158,0.242902][-0.917344,0.226126,0.327638][0.398542,0.235783,0][0.156415,-0.16795,0.210973][-0.911003,0.251981,0.326463][0.412506,0.333943,0][0.161764,-0.180638,0.1858][-0.772303,0.0134782,-0.635112][0.436727,0.329843,0][0.161764,-0.180638,0.1858][-0.772303,0.0134782,-0.635112][0.436727,0.329843,0][0.142289,-0.301959,0.217963][-0.815376,-0.0422448,-0.577388][0.422862,0.230974,0][0.13757,-0.291158,0.242902][-0.917344,0.226126,0.327638][0.398542,0.235783,0][0.425375,-0.287518,0.194247][0.728058,-0.436093,-0.528918][0.105489,0.320687,0][0.433292,-0.280139,0.218734][0.855083,-0.343804,0.388114][0.13088,0.324016,0][0.385203,-0.375979,0.247699][0.866052,-0.314453,0.38868][0.14321,0.23418,0][0.385203,-0.375979,0.247699][0.866052,-0.314453,0.38868][0.14321,0.23418,0][0.378056,-0.383017,0.222754][0.729743,-0.51755,-0.446785][0.118625,0.230292,0][0.425375,-0.287518,0.194247][0.728058,-0.436093,-0.528918][0.105489,0.320687,0][0.385203,-0.375979,0.247699][0.866052,-0.314453,0.38868][0.14321,0.23418,0][0.433292,-0.280139,0.218734][0.855083,-0.343804,0.388114][0.13088,0.324016,0][0.400708,-0.259567,0.241834][0.333878,0.0343584,0.94199][0.172349,0.32449,0][0.400708,-0.259567,0.241834][0.333878,0.0343584,0.94199][0.172349,0.32449,0][0.356035,-0.359035,0.271629][0.403024,0.0946816,0.910278][0.181205,0.234502,0][0.385203,-0.375979,0.247699][0.866052,-0.314453,0.38868][0.14321,0.23418,0][0.400708,-0.259567,0.241834][0.333878,0.0343584,0.94199][0.172349,0.32449,0][0.433292,-0.280139,0.218734][0.855083,-0.343804,0.388114][0.13088,0.324016,0][0.492699,-0.157038,0.208135][0.817494,-0.343726,0.462121][0.120639,0.428607,0][0.492699,-0.157038,0.208135][0.817494,-0.343726,0.462121][0.120639,0.428607,0][0.457268,-0.132013,0.227525][0.241701,0.0151805,0.970232][0.165173,0.427927,0][0.400708,-0.259567,0.241834][0.333878,0.0343584,0.94199][0.172349,0.32449,0][0.492699,-0.157038,0.208135][0.817494,-0.343726,0.462121][0.120639,0.428607,0][0.433292,-0.280139,0.218734][0.855083,-0.343804,0.388114][0.13088,0.324016,0][0.425375,-0.287518,0.194247][0.728058,-0.436093,-0.528918][0.105489,0.320687,0][0.425375,-0.287518,0.194247][0.728058,-0.436093,-0.528918][0.105489,0.320687,0][0.483688,-0.165556,0.186344][0.734266,-0.414806,-0.537391][0.0953418,0.426139,0][0.492699,-0.157038,0.208135][0.817494,-0.343726,0.462121][0.120639,0.428607,0][0.390642,0.250329,-0.131241][-0.844784,-0.311436,-0.435141][0.410738,0.755017,0][0.407948,0.226867,-0.112664][-0.640245,-0.707031,-0.300321][0.437746,0.754233,0][0.334013,0.204393,0.0220851][-0.51183,-0.557557,-0.653575][0.461178,0.65372,0][0.334013,0.204393,0.0220851][-0.51183,-0.557557,-0.653575][0.461178,0.65372,0][0.312236,0.233187,0.0142282][-0.810646,-0.182937,-0.556225][0.431609,0.656799,0][0.390642,0.250329,-0.131241][-0.844784,-0.311436,-0.435141][0.410738,0.755017,0][0.334013,0.204393,0.0220851][-0.51183,-0.557557,-0.653575][0.461178,0.65372,0][0.407948,0.226867,-0.112664][-0.640245,-0.707031,-0.300321][0.437746,0.754233,0][0.433849,0.197048,-0.0982246][-0.651199,-0.703593,-0.284424][0.472543,0.76021,0][0.433849,0.197048,-0.0982246][-0.651199,-0.703593,-0.284424][0.472543,0.76021,0][0.365082,0.171059,0.0257125][-0.498703,-0.538691,-0.679049][0.498453,0.654932,0][0.334013,0.204393,0.0220851][-0.51183,-0.557557,-0.653575][0.461178,0.65372,0][0.433849,0.197048,-0.0982246][-0.651199,-0.703593,-0.284424][0.472543,0.76021,0][0.407948,0.226867,-0.112664][-0.640245,-0.707031,-0.300321][0.437746,0.754233,0][0.482362,0.173908,-0.233094][-0.740286,-0.671715,0.0278479][0.405647,0.842589,0][0.482362,0.173908,-0.233094][-0.740286,-0.671715,0.0278479][0.405647,0.842589,0][0.501015,0.15579,-0.210446][-0.717888,-0.695274,0.0350848][0.43291,0.849003,0][0.433849,0.197048,-0.0982246][-0.651199,-0.703593,-0.284424][0.472543,0.76021,0][0.482362,0.173908,-0.233094][-0.740286,-0.671715,0.0278479][0.405647,0.842589,0][0.407948,0.226867,-0.112664][-0.640245,-0.707031,-0.300321][0.437746,0.754233,0][0.390642,0.250329,-0.131241][-0.844784,-0.311436,-0.435141][0.410738,0.755017,0][0.390642,0.250329,-0.131241][-0.844784,-0.311436,-0.435141][0.410738,0.755017,0][0.471159,0.186008,-0.259179][-0.856053,-0.359265,-0.371622][0.379602,0.841988,0][0.482362,0.173908,-0.233094][-0.740286,-0.671715,0.0278479][0.405647,0.842589,0][0.677732,0.148526,-0.0318799][0.628646,-0.767335,0.126493][0.116124,0.755251,0][0.651692,0.141101,-0.0274731][0.271569,-0.962032,-0.0272856][0.0948926,0.751185,0][0.6729,0.120625,-0.142816][0.195619,-0.859304,0.472578][0.1198,0.834269,0][0.6729,0.120625,-0.142816][0.195619,-0.859304,0.472578][0.1198,0.834269,0][0.696033,0.120748,-0.153002][0.614363,-0.60822,0.502621][0.140219,0.837764,0][0.677732,0.148526,-0.0318799][0.628646,-0.767335,0.126493][0.116124,0.755251,0][0.6729,0.120625,-0.142816][0.195619,-0.859304,0.472578][0.1198,0.834269,0][0.651692,0.141101,-0.0274731][0.271569,-0.962032,-0.0272856][0.0948926,0.751185,0][0.620688,0.131911,-0.0316233][0.281547,-0.959251,-0.0238283][0.0670289,0.753106,0][0.620688,0.131911,-0.0316233][0.281547,-0.959251,-0.0238283][0.0670289,0.753106,0][0.646817,0.116372,-0.139808][0.193468,-0.880901,0.431953][0.0987629,0.836117,0][0.6729,0.120625,-0.142816][0.195619,-0.859304,0.472578][0.1198,0.834269,0][0.620688,0.131911,-0.0316233][0.281547,-0.959251,-0.0238283][0.0670289,0.753106,0][0.651692,0.141101,-0.0274731][0.271569,-0.962032,-0.0272856][0.0948926,0.751185,0][0.610185,0.100516,0.0918196][0.332782,-0.801416,-0.496979][0.0779826,0.654833,0][0.610185,0.100516,0.0918196][0.332782,-0.801416,-0.496979][0.0779826,0.654833,0][0.576778,0.0922775,0.0814755][0.352984,-0.777098,-0.521077][0.0476195,0.65226,0][0.620688,0.131911,-0.0316233][0.281547,-0.959251,-0.0238283][0.0670289,0.753106,0][0.610185,0.100516,0.0918196][0.332782,-0.801416,-0.496979][0.0779826,0.654833,0][0.651692,0.141101,-0.0274731][0.271569,-0.962032,-0.0272856][0.0948926,0.751185,0][0.677732,0.148526,-0.0318799][0.628646,-0.767335,0.126493][0.116124,0.755251,0][0.677732,0.148526,-0.0318799][0.628646,-0.767335,0.126493][0.116124,0.755251,0][0.63752,0.110194,0.0944838][0.671519,-0.724453,-0.155657][0.100905,0.661119,0][0.610185,0.100516,0.0918196][0.332782,-0.801416,-0.496979][0.0779826,0.654833,0][0.700976,0.0268068,-0.227799][0.539463,-0.549769,0.637757][0.17898,0.906773,0][0.68277,0.0412722,-0.214201][0.0455122,-0.630616,0.774759][0.159937,0.900825,0][0.666702,-0.0236773,-0.259514][0.0714615,-0.65539,0.751902][0.184682,0.94842,0][0.666702,-0.0236773,-0.259514][0.0714615,-0.65539,0.751902][0.184682,0.94842,0][0.679034,-0.0425835,-0.278423][0.397053,-0.762458,0.510888][0.205236,0.95417,0][0.700976,0.0268068,-0.227799][0.539463,-0.549769,0.637757][0.17898,0.906773,0][0.666702,-0.0236773,-0.259514][0.0714615,-0.65539,0.751902][0.184682,0.94842,0][0.68277,0.0412722,-0.214201][0.0455122,-0.630616,0.774759][0.159937,0.900825,0][0.662029,0.0506663,-0.206045][0.0311902,-0.64196,0.766103][0.140037,0.899492,0][0.662029,0.0506663,-0.206045][0.0311902,-0.64196,0.766103][0.140037,0.899492,0][0.653671,-0.00730991,-0.246052][0.0605596,-0.604867,0.79402][0.165746,0.942822,0][0.666702,-0.0236773,-0.259514][0.0714615,-0.65539,0.751902][0.184682,0.94842,0][0.662029,0.0506663,-0.206045][0.0311902,-0.64196,0.766103][0.140037,0.899492,0][0.68277,0.0412722,-0.214201][0.0455122,-0.630616,0.774759][0.159937,0.900825,0][0.6729,0.120625,-0.142816][0.195619,-0.859304,0.472578][0.1198,0.834269,0][0.6729,0.120625,-0.142816][0.195619,-0.859304,0.472578][0.1198,0.834269,0][0.646817,0.116372,-0.139808][0.193468,-0.880901,0.431953][0.0987629,0.836117,0][0.662029,0.0506663,-0.206045][0.0311902,-0.64196,0.766103][0.140037,0.899492,0][0.6729,0.120625,-0.142816][0.195619,-0.859304,0.472578][0.1198,0.834269,0][0.68277,0.0412722,-0.214201][0.0455122,-0.630616,0.774759][0.159937,0.900825,0][0.700976,0.0268068,-0.227799][0.539463,-0.549769,0.637757][0.17898,0.906773,0][0.700976,0.0268068,-0.227799][0.539463,-0.549769,0.637757][0.17898,0.906773,0][0.696033,0.120748,-0.153002][0.614363,-0.60822,0.502621][0.140219,0.837764,0][0.6729,0.120625,-0.142816][0.195619,-0.859304,0.472578][0.1198,0.834269,0][0.642942,-0.0670538,-0.305973][-0.0940055,-0.976506,0.193904][0.296655,0.976594,0][0.636636,-0.0457473,-0.284293][-0.236125,-0.729512,0.641917][0.310696,0.976594,0][0.597832,-0.025732,-0.288145][-0.65164,-0.573083,0.496932][0.323314,0.962077,0][0.597832,-0.025732,-0.288145][-0.65164,-0.573083,0.496932][0.323314,0.962077,0][0.597917,-0.0450039,-0.312146][-0.686083,-0.727099,0.0248542][0.30073,0.961287,0][0.642942,-0.0670538,-0.305973][-0.0940055,-0.976506,0.193904][0.296655,0.976594,0][0.597832,-0.025732,-0.288145][-0.65164,-0.573083,0.496932][0.323314,0.962077,0][0.636636,-0.0457473,-0.284293][-0.236125,-0.729512,0.641917][0.310696,0.976594,0][0.631644,-0.0280595,-0.265646][-0.229267,-0.713666,0.661905][0.33322,0.976594,0][0.631644,-0.0280595,-0.265646][-0.229267,-0.713666,0.661905][0.33322,0.976594,0][0.600913,-0.00857592,-0.268333][-0.65347,-0.518983,0.551029][0.345616,0.96258,0][0.597832,-0.025732,-0.288145][-0.65164,-0.573083,0.496932][0.323314,0.962077,0][0.631644,-0.0280595,-0.265646][-0.229267,-0.713666,0.661905][0.1718,0.967655,0][0.636636,-0.0457473,-0.284293][-0.236125,-0.729512,0.641917][0.18995,0.976594,0][0.666702,-0.0236773,-0.259514][0.0714615,-0.65539,0.751902][0.184682,0.94842,0][0.666702,-0.0236773,-0.259514][0.0714615,-0.65539,0.751902][0.184682,0.94842,0][0.653671,-0.00730991,-0.246052][0.0605596,-0.604867,0.79402][0.165746,0.942822,0][0.631644,-0.0280595,-0.265646][-0.229267,-0.713666,0.661905][0.1718,0.967655,0][0.666702,-0.0236773,-0.259514][0.0714615,-0.65539,0.751902][0.184682,0.94842,0][0.636636,-0.0457473,-0.284293][-0.236125,-0.729512,0.641917][0.18995,0.976594,0][0.642942,-0.0670538,-0.305973][-0.0940055,-0.976506,0.193904][0.21334,0.976594,0][0.642942,-0.0670538,-0.305973][-0.0940055,-0.976506,0.193904][0.21334,0.976594,0][0.679034,-0.0425835,-0.278423][0.397053,-0.762458,0.510888][0.205236,0.95417,0][0.666702,-0.0236773,-0.259514][0.0714615,-0.65539,0.751902][0.184682,0.94842,0][0.54721,0.0516572,-0.314862][-0.883018,-0.443987,-0.152166][0.332172,0.914214,0][0.551827,0.0619521,-0.287932][-0.761483,-0.53405,0.367333][0.355549,0.913191,0][0.482362,0.173908,-0.233094][-0.740286,-0.671715,0.0278479][0.405647,0.842589,0][0.482362,0.173908,-0.233094][-0.740286,-0.671715,0.0278479][0.405647,0.842589,0][0.471159,0.186008,-0.259179][-0.856053,-0.359265,-0.371622][0.379602,0.841988,0][0.54721,0.0516572,-0.314862][-0.883018,-0.443987,-0.152166][0.332172,0.914214,0][0.482362,0.173908,-0.233094][-0.740286,-0.671715,0.0278479][0.405647,0.842589,0][0.551827,0.0619521,-0.287932][-0.761483,-0.53405,0.367333][0.355549,0.913191,0][0.561366,0.067112,-0.263157][-0.748484,-0.53804,0.387664][0.380315,0.917593,0][0.561366,0.067112,-0.263157][-0.748484,-0.53804,0.387664][0.380315,0.917593,0][0.501015,0.15579,-0.210446][-0.717888,-0.695274,0.0350848][0.43291,0.849003,0][0.482362,0.173908,-0.233094][-0.740286,-0.671715,0.0278479][0.405647,0.842589,0][0.561366,0.067112,-0.263157][-0.748484,-0.53804,0.387664][0.380315,0.917593,0][0.551827,0.0619521,-0.287932][-0.761483,-0.53405,0.367333][0.355549,0.913191,0][0.597832,-0.025732,-0.288145][-0.65164,-0.573083,0.496932][0.323314,0.962077,0][0.597832,-0.025732,-0.288145][-0.65164,-0.573083,0.496932][0.323314,0.962077,0][0.600913,-0.00857592,-0.268333][-0.65347,-0.518983,0.551029][0.345616,0.96258,0][0.561366,0.067112,-0.263157][-0.748484,-0.53804,0.387664][0.380315,0.917593,0][0.597832,-0.025732,-0.288145][-0.65164,-0.573083,0.496932][0.323314,0.962077,0][0.551827,0.0619521,-0.287932][-0.761483,-0.53405,0.367333][0.355549,0.913191,0][0.54721,0.0516572,-0.314862][-0.883018,-0.443987,-0.152166][0.332172,0.914214,0][0.54721,0.0516572,-0.314862][-0.883018,-0.443987,-0.152166][0.332172,0.914214,0][0.597917,-0.0450039,-0.312146][-0.686083,-0.727099,0.0248542][0.30073,0.961287,0][0.597832,-0.025732,-0.288145][-0.65164,-0.573083,0.496932][0.323314,0.962077,0][0.129556,-0.408734,0.247983][-0.836789,-0.0972228,-0.538824][0.402057,0.142995,0][0.147098,-0.417671,0.237655][-0.574296,-0.223412,-0.787573][0.420491,0.135946,0][0.156897,-0.492094,0.257863][-0.427971,-0.409381,-0.805759][0.404956,0.0716513,0][0.156897,-0.492094,0.257863][-0.427971,-0.409381,-0.805759][0.404956,0.0716513,0][0.133103,-0.500956,0.270611][-0.693734,-0.386079,-0.60801][0.378031,0.0717593,0][0.129556,-0.408734,0.247983][-0.836789,-0.0972228,-0.538824][0.402057,0.142995,0][0.156897,-0.492094,0.257863][-0.427971,-0.409381,-0.805759][0.404956,0.0716513,0][0.147098,-0.417671,0.237655][-0.574296,-0.223412,-0.787573][0.420491,0.135946,0][0.171292,-0.422726,0.22163][-0.573691,-0.213517,-0.790752][0.449345,0.132455,0][0.171292,-0.422726,0.22163][-0.573691,-0.213517,-0.790752][0.449345,0.132455,0][0.176214,-0.488336,0.239697][-0.554672,-0.469491,-0.686962][0.432676,0.0707773,0][0.156897,-0.492094,0.257863][-0.427971,-0.409381,-0.805759][0.404956,0.0716513,0][0.171292,-0.422726,0.22163][-0.573691,-0.213517,-0.790752][0.449345,0.132455,0][0.147098,-0.417671,0.237655][-0.574296,-0.223412,-0.787573][0.420491,0.135946,0][0.161208,-0.317111,0.209091][-0.525396,-0.148814,-0.837743][0.443513,0.221434,0][0.161208,-0.317111,0.209091][-0.525396,-0.148814,-0.837743][0.443513,0.221434,0][0.18725,-0.330775,0.19496][-0.527698,-0.139128,-0.837961][0.471705,0.214293,0][0.171292,-0.422726,0.22163][-0.573691,-0.213517,-0.790752][0.449345,0.132455,0][0.161208,-0.317111,0.209091][-0.525396,-0.148814,-0.837743][0.443513,0.221434,0][0.147098,-0.417671,0.237655][-0.574296,-0.223412,-0.787573][0.420491,0.135946,0][0.129556,-0.408734,0.247983][-0.836789,-0.0972228,-0.538824][0.402057,0.142995,0][0.129556,-0.408734,0.247983][-0.836789,-0.0972228,-0.538824][0.402057,0.142995,0][0.142289,-0.301959,0.217963][-0.815376,-0.0422448,-0.577388][0.422862,0.230974,0][0.161208,-0.317111,0.209091][-0.525396,-0.148814,-0.837743][0.443513,0.221434,0][0.19978,-0.537707,0.270867][-0.130764,-0.5139,-0.847825][0.142157,0.0228113,0][0.206619,-0.529415,0.265112][-0.158239,-0.656926,-0.737162][0.133553,0.0303673,0][0.269362,-0.523404,0.259757][0.232616,-0.664414,-0.710242][0.139522,0.0807983,0][0.269362,-0.523404,0.259757][0.232616,-0.664414,-0.710242][0.139522,0.0807983,0][0.276357,-0.539574,0.272929][0.401864,-0.758366,-0.513212][0.160361,0.0780323,0][0.19978,-0.537707,0.270867][-0.130764,-0.5139,-0.847825][0.142157,0.0228113,0][0.269362,-0.523404,0.259757][0.232616,-0.664414,-0.710242][0.139522,0.0807983,0][0.206619,-0.529415,0.265112][-0.158239,-0.656926,-0.737162][0.133553,0.0303673,0][0.213465,-0.51986,0.246113][-0.187826,-0.835918,-0.515715][0.114059,0.0401973,0][0.213465,-0.51986,0.246113][-0.187826,-0.835918,-0.515715][0.114059,0.0401973,0][0.262422,-0.512455,0.241214][0.332682,-0.752267,-0.568698][0.115837,0.0830393,0][0.269362,-0.523404,0.259757][0.232616,-0.664414,-0.710242][0.139522,0.0807983,0][0.213465,-0.51986,0.246113][-0.187826,-0.835918,-0.515715][0.43986,0.0301553,0][0.206619,-0.529415,0.265112][-0.158239,-0.656926,-0.737162][0.41898,0.0229503,0][0.156897,-0.492094,0.257863][-0.427971,-0.409381,-0.805759][0.404956,0.0716513,0][0.156897,-0.492094,0.257863][-0.427971,-0.409381,-0.805759][0.404956,0.0716513,0][0.176214,-0.488336,0.239697][-0.554672,-0.469491,-0.686962][0.432676,0.0707773,0][0.213465,-0.51986,0.246113][-0.187826,-0.835918,-0.515715][0.43986,0.0301553,0][0.156897,-0.492094,0.257863][-0.427971,-0.409381,-0.805759][0.404956,0.0716513,0][0.206619,-0.529415,0.265112][-0.158239,-0.656926,-0.737162][0.41898,0.0229503,0][0.19978,-0.537707,0.270867][-0.130764,-0.5139,-0.847825][0.406954,0.0197773,0][0.19978,-0.537707,0.270867][-0.130764,-0.5139,-0.847825][0.406954,0.0197773,0][0.133103,-0.500956,0.270611][-0.693734,-0.386079,-0.60801][0.378031,0.0717593,0][0.156897,-0.492094,0.257863][-0.427971,-0.409381,-0.805759][0.404956,0.0716513,0][0.331109,-0.46937,0.251594][0.717251,-0.577938,-0.38928][0.136579,0.148047,0][0.31822,-0.469256,0.2408][0.49655,-0.576033,-0.649326][0.122334,0.143018,0][0.361378,-0.385983,0.213257][0.492704,-0.477984,-0.727169][0.102617,0.223053,0][0.361378,-0.385983,0.213257][0.492704,-0.477984,-0.727169][0.102617,0.223053,0][0.378056,-0.383017,0.222754][0.729743,-0.51755,-0.446785][0.118625,0.230292,0][0.331109,-0.46937,0.251594][0.717251,-0.577938,-0.38928][0.136579,0.148047,0][0.361378,-0.385983,0.213257][0.492704,-0.477984,-0.727169][0.102617,0.223053,0][0.31822,-0.469256,0.2408][0.49655,-0.576033,-0.649326][0.122334,0.143018,0][0.302463,-0.462404,0.224126][0.483428,-0.555799,-0.676303][0.0984065,0.141774,0][0.302463,-0.462404,0.224126][0.483428,-0.555799,-0.676303][0.0984065,0.141774,0][0.340688,-0.383706,0.198265][0.48507,-0.465691,-0.740161][0.0792694,0.218619,0][0.361378,-0.385983,0.213257][0.492704,-0.477984,-0.727169][0.102617,0.223053,0][0.302463,-0.462404,0.224126][0.483428,-0.555799,-0.676303][0.0984065,0.141774,0][0.31822,-0.469256,0.2408][0.49655,-0.576033,-0.649326][0.122334,0.143018,0][0.269362,-0.523404,0.259757][0.232616,-0.664414,-0.710242][0.139522,0.0807983,0][0.269362,-0.523404,0.259757][0.232616,-0.664414,-0.710242][0.139522,0.0807983,0][0.262422,-0.512455,0.241214][0.332682,-0.752267,-0.568698][0.115837,0.0830393,0][0.302463,-0.462404,0.224126][0.483428,-0.555799,-0.676303][0.0984065,0.141774,0][0.269362,-0.523404,0.259757][0.232616,-0.664414,-0.710242][0.139522,0.0807983,0][0.31822,-0.469256,0.2408][0.49655,-0.576033,-0.649326][0.122334,0.143018,0][0.331109,-0.46937,0.251594][0.717251,-0.577938,-0.38928][0.136579,0.148047,0][0.331109,-0.46937,0.251594][0.717251,-0.577938,-0.38928][0.136579,0.148047,0][0.276357,-0.539574,0.272929][0.401864,-0.758366,-0.513212][0.160361,0.0780323,0][0.269362,-0.523404,0.259757][0.232616,-0.664414,-0.710242][0.139522,0.0807983,0][0.245505,0.11671,0.116892][-0.745788,-0.0433101,-0.664775][0.444022,0.54854,0][0.269287,0.0896063,0.115031][-0.360564,-0.263508,-0.894739][0.472378,0.542373,0][0.217708,-0.0624032,0.152066][-0.355292,-0.0882454,-0.930581][0.471115,0.427586,0][0.217708,-0.0624032,0.152066][-0.355292,-0.0882454,-0.930581][0.471115,0.427586,0][0.194123,-0.0401335,0.158793][-0.724747,0.038428,-0.687943][0.443997,0.435605,0][0.245505,0.11671,0.116892][-0.745788,-0.0433101,-0.664775][0.444022,0.54854,0][0.217708,-0.0624032,0.152066][-0.355292,-0.0882454,-0.930581][0.471115,0.427586,0][0.269287,0.0896063,0.115031][-0.360564,-0.263508,-0.894739][0.472378,0.542373,0][0.302392,0.0608706,0.11026][-0.35129,-0.252583,-0.901553][0.511917,0.53952,0][0.302392,0.0608706,0.11026][-0.35129,-0.252583,-0.901553][0.511917,0.53952,0][0.250128,-0.0854712,0.141678][-0.34368,-0.0610404,-0.937101][0.507121,0.421523,0][0.217708,-0.0624032,0.152066][-0.355292,-0.0882454,-0.930581][0.471115,0.427586,0][0.302392,0.0608706,0.11026][-0.35129,-0.252583,-0.901553][0.511917,0.53952,0][0.269287,0.0896063,0.115031][-0.360564,-0.263508,-0.894739][0.472378,0.542373,0][0.334013,0.204393,0.0220851][-0.51183,-0.557557,-0.653575][0.461178,0.65372,0][0.334013,0.204393,0.0220851][-0.51183,-0.557557,-0.653575][0.461178,0.65372,0][0.365082,0.171059,0.0257125][-0.498703,-0.538691,-0.679049][0.498453,0.654932,0][0.302392,0.0608706,0.11026][-0.35129,-0.252583,-0.901553][0.511917,0.53952,0][0.334013,0.204393,0.0220851][-0.51183,-0.557557,-0.653575][0.461178,0.65372,0][0.269287,0.0896063,0.115031][-0.360564,-0.263508,-0.894739][0.472378,0.542373,0][0.245505,0.11671,0.116892][-0.745788,-0.0433101,-0.664775][0.444022,0.54854,0][0.245505,0.11671,0.116892][-0.745788,-0.0433101,-0.664775][0.444022,0.54854,0][0.312236,0.233187,0.0142282][-0.810646,-0.182937,-0.556225][0.431609,0.656799,0][0.334013,0.204393,0.0220851][-0.51183,-0.557557,-0.653575][0.461178,0.65372,0][0.563621,-0.0142469,0.171145][0.703253,-0.553504,-0.446171][0.0913008,0.547817,0][0.539373,-0.0213642,0.162584][0.409893,-0.451223,-0.792708][0.0700528,0.540127,0][0.610185,0.100516,0.0918196][0.332782,-0.801416,-0.496979][0.0779826,0.654833,0][0.610185,0.100516,0.0918196][0.332782,-0.801416,-0.496979][0.0779826,0.654833,0][0.63752,0.110194,0.0944838][0.671519,-0.724453,-0.155657][0.100905,0.661119,0][0.563621,-0.0142469,0.171145][0.703253,-0.553504,-0.446171][0.0913008,0.547817,0][0.610185,0.100516,0.0918196][0.332782,-0.801416,-0.496979][0.0779826,0.654833,0][0.539373,-0.0213642,0.162584][0.409893,-0.451223,-0.792708][0.0700528,0.540127,0][0.509423,-0.0242181,0.148223][0.424478,-0.430714,-0.796432][0.0393842,0.535471,0][0.509423,-0.0242181,0.148223][0.424478,-0.430714,-0.796432][0.0393842,0.535471,0][0.576778,0.0922775,0.0814755][0.352984,-0.777098,-0.521077][0.0476195,0.65226,0][0.610185,0.100516,0.0918196][0.332782,-0.801416,-0.496979][0.0779826,0.654833,0][0.509423,-0.0242181,0.148223][0.424478,-0.430714,-0.796432][0.0393842,0.535471,0][0.539373,-0.0213642,0.162584][0.409893,-0.451223,-0.792708][0.0700528,0.540127,0][0.463553,-0.169219,0.175692][0.482638,-0.298524,-0.823374][0.074981,0.419098,0][0.463553,-0.169219,0.175692][0.482638,-0.298524,-0.823374][0.074981,0.419098,0][0.438578,-0.167514,0.16054][0.48224,-0.288141,-0.827296][0.0470628,0.415154,0][0.509423,-0.0242181,0.148223][0.424478,-0.430714,-0.796432][0.0393842,0.535471,0][0.463553,-0.169219,0.175692][0.482638,-0.298524,-0.823374][0.074981,0.419098,0][0.539373,-0.0213642,0.162584][0.409893,-0.451223,-0.792708][0.0700528,0.540127,0][0.563621,-0.0142469,0.171145][0.703253,-0.553504,-0.446171][0.0913008,0.547817,0][0.563621,-0.0142469,0.171145][0.703253,-0.553504,-0.446171][0.0913008,0.547817,0][0.483688,-0.165556,0.186344][0.734266,-0.414806,-0.537391][0.0953418,0.426139,0][0.463553,-0.169219,0.175692][0.482638,-0.298524,-0.823374][0.074981,0.419098,0][0.425375,-0.287518,0.194247][0.728058,-0.436093,-0.528918][0.105489,0.320687,0][0.407022,-0.29059,0.184457][0.493207,-0.382642,-0.781237][0.0875976,0.313448,0][0.463553,-0.169219,0.175692][0.482638,-0.298524,-0.823374][0.074981,0.419098,0][0.463553,-0.169219,0.175692][0.482638,-0.298524,-0.823374][0.074981,0.419098,0][0.483688,-0.165556,0.186344][0.734266,-0.414806,-0.537391][0.0953418,0.426139,0][0.425375,-0.287518,0.194247][0.728058,-0.436093,-0.528918][0.105489,0.320687,0][0.463553,-0.169219,0.175692][0.482638,-0.298524,-0.823374][0.074981,0.419098,0][0.407022,-0.29059,0.184457][0.493207,-0.382642,-0.781237][0.0875976,0.313448,0][0.384196,-0.28876,0.168909][0.496139,-0.386646,-0.7774][0.0616677,0.308931,0][0.384196,-0.28876,0.168909][0.496139,-0.386646,-0.7774][0.0616677,0.308931,0][0.438578,-0.167514,0.16054][0.48224,-0.288141,-0.827296][0.0470628,0.415154,0][0.463553,-0.169219,0.175692][0.482638,-0.298524,-0.823374][0.074981,0.419098,0][0.384196,-0.28876,0.168909][0.496139,-0.386646,-0.7774][0.0616677,0.308931,0][0.407022,-0.29059,0.184457][0.493207,-0.382642,-0.781237][0.0875976,0.313448,0][0.361378,-0.385983,0.213257][0.492704,-0.477984,-0.727169][0.102617,0.223053,0][0.361378,-0.385983,0.213257][0.492704,-0.477984,-0.727169][0.102617,0.223053,0][0.340688,-0.383706,0.198265][0.48507,-0.465691,-0.740161][0.0792694,0.218619,0][0.384196,-0.28876,0.168909][0.496139,-0.386646,-0.7774][0.0616677,0.308931,0][0.361378,-0.385983,0.213257][0.492704,-0.477984,-0.727169][0.102617,0.223053,0][0.407022,-0.29059,0.184457][0.493207,-0.382642,-0.781237][0.0875976,0.313448,0][0.425375,-0.287518,0.194247][0.728058,-0.436093,-0.528918][0.105489,0.320687,0][0.425375,-0.287518,0.194247][0.728058,-0.436093,-0.528918][0.105489,0.320687,0][0.378056,-0.383017,0.222754][0.729743,-0.51755,-0.446785][0.118625,0.230292,0][0.361378,-0.385983,0.213257][0.492704,-0.477984,-0.727169][0.102617,0.223053,0][0.161764,-0.180638,0.1858][-0.772303,0.0134782,-0.635112][0.436727,0.329843,0][0.183213,-0.19988,0.176805][-0.474831,-0.0977756,-0.874629][0.460072,0.319927,0][0.161208,-0.317111,0.209091][-0.525396,-0.148814,-0.837743][0.443513,0.221434,0][0.161208,-0.317111,0.209091][-0.525396,-0.148814,-0.837743][0.443513,0.221434,0][0.142289,-0.301959,0.217963][-0.815376,-0.0422448,-0.577388][0.422862,0.230974,0][0.161764,-0.180638,0.1858][-0.772303,0.0134782,-0.635112][0.436727,0.329843,0][0.161208,-0.317111,0.209091][-0.525396,-0.148814,-0.837743][0.443513,0.221434,0][0.183213,-0.19988,0.176805][-0.474831,-0.0977756,-0.874629][0.460072,0.319927,0][0.212638,-0.21933,0.162421][-0.480454,-0.0976757,-0.871564][0.493083,0.311676,0][0.212638,-0.21933,0.162421][-0.480454,-0.0976757,-0.871564][0.493083,0.311676,0][0.18725,-0.330775,0.19496][-0.527698,-0.139128,-0.837961][0.471705,0.214293,0][0.161208,-0.317111,0.209091][-0.525396,-0.148814,-0.837743][0.443513,0.221434,0][0.212638,-0.21933,0.162421][-0.480454,-0.0976757,-0.871564][0.493083,0.311676,0][0.183213,-0.19988,0.176805][-0.474831,-0.0977756,-0.874629][0.460072,0.319927,0][0.217708,-0.0624032,0.152066][-0.355292,-0.0882454,-0.930581][0.471115,0.427586,0][0.217708,-0.0624032,0.152066][-0.355292,-0.0882454,-0.930581][0.471115,0.427586,0][0.250128,-0.0854712,0.141678][-0.34368,-0.0610404,-0.937101][0.507121,0.421523,0][0.212638,-0.21933,0.162421][-0.480454,-0.0976757,-0.871564][0.493083,0.311676,0][0.217708,-0.0624032,0.152066][-0.355292,-0.0882454,-0.930581][0.471115,0.427586,0][0.183213,-0.19988,0.176805][-0.474831,-0.0977756,-0.874629][0.460072,0.319927,0][0.161764,-0.180638,0.1858][-0.772303,0.0134782,-0.635112][0.436727,0.329843,0][0.161764,-0.180638,0.1858][-0.772303,0.0134782,-0.635112][0.436727,0.329843,0][0.194123,-0.0401335,0.158793][-0.724747,0.038428,-0.687943][0.443997,0.435605,0][0.217708,-0.0624032,0.152066][-0.355292,-0.0882454,-0.930581][0.471115,0.427586,0][0.41785,0.188186,0.0848844][0.0388373,-0.803339,-0.594254][0.808369,0.599221,0][0.36742,0.190421,0.0433366][0.277479,-0.880576,-0.384175][0.752963,0.612097,0][0.434714,0.223391,-0.0886618][0.154193,-0.981522,0.113306][0.767573,0.727652,0][0.434714,0.223391,-0.0886618][0.154193,-0.981522,0.113306][0.767573,0.727652,0][0.482967,0.237109,-0.0511284][-0.0951233,-0.988443,-0.11803][0.820672,0.714842,0][0.41785,0.188186,0.0848844][0.0388373,-0.803339,-0.594254][0.808369,0.599221,0][0.497737,0.182727,-0.211509][0.1811,-0.792991,0.581695][0.784396,0.828986,0][0.541478,0.214981,-0.179533][-0.252776,-0.905731,0.340229][0.835536,0.811616,0][0.482967,0.237109,-0.0511284][-0.0951233,-0.988443,-0.11803][0.820672,0.714842,0][0.482967,0.237109,-0.0511284][-0.0951233,-0.988443,-0.11803][0.820672,0.714842,0][0.434714,0.223391,-0.0886618][0.154193,-0.981522,0.113306][0.767573,0.727652,0][0.497737,0.182727,-0.211509][0.1811,-0.792991,0.581695][0.784396,0.828986,0][0.617673,0.196124,-0.157297][-0.32231,-0.87646,0.357678][0.910428,0.812823,0][0.659227,0.138826,-0.139681][-0.819574,-0.564886,0.0959321][0.970869,0.820109,0][0.62749,0.156474,-0.0236695][-0.70235,-0.642761,-0.305882][0.975909,0.722061,0][0.62749,0.156474,-0.0236695][-0.70235,-0.642761,-0.305882][0.975909,0.722061,0][0.578483,0.211,-0.0289231][-0.31541,-0.929339,-0.191952][0.912035,0.718692,0][0.617673,0.196124,-0.157297][-0.32231,-0.87646,0.357678][0.910428,0.812823,0][0.57985,0.112162,0.0958981][-0.548565,-0.473353,-0.689212][0.975909,0.608163,0][0.52573,0.160496,0.104332][-0.210235,-0.716352,-0.665313][0.91054,0.605295,0][0.578483,0.211,-0.0289231][-0.31541,-0.929339,-0.191952][0.912035,0.718692,0][0.578483,0.211,-0.0289231][-0.31541,-0.929339,-0.191952][0.912035,0.718692,0][0.62749,0.156474,-0.0236695][-0.70235,-0.642761,-0.305882][0.975909,0.722061,0][0.57985,0.112162,0.0958981][-0.548565,-0.473353,-0.689212][0.975909,0.608163,0][0.663551,0.0631137,-0.281599][-0.593616,-0.485598,0.641727][0.900679,0.910638,0][0.672567,0.00424767,-0.256084][-0.969194,-0.043345,0.242454][0.925808,0.951994,0][0.680535,0.0688133,-0.212689][-0.913046,-0.343667,0.219635][0.960217,0.898279,0][0.680535,0.0688133,-0.212689][-0.913046,-0.343667,0.219635][0.960217,0.898279,0][0.646952,0.128124,-0.232011][-0.536944,-0.657153,0.529001][0.90502,0.876316,0][0.663551,0.0631137,-0.281599][-0.593616,-0.485598,0.641727][0.900679,0.910638,0][0.617673,0.196124,-0.157297][-0.32231,-0.87646,0.357678][0.910428,0.812823,0][0.646952,0.128124,-0.232011][-0.536944,-0.657153,0.529001][0.90502,0.876316,0][0.680535,0.0688133,-0.212689][-0.913046,-0.343667,0.219635][0.960217,0.898279,0][0.680535,0.0688133,-0.212689][-0.913046,-0.343667,0.219635][0.960217,0.898279,0][0.659227,0.138826,-0.139681][-0.819574,-0.564886,0.0959321][0.970869,0.820109,0][0.617673,0.196124,-0.157297][-0.32231,-0.87646,0.357678][0.910428,0.812823,0][0.615665,0.0573597,-0.282203][-0.0583219,-0.126945,0.990194][0.861636,0.913041,0][0.598256,0.00800276,-0.291312][0.447057,0.329071,0.831777][0.847526,0.95931,0][0.64012,-0.0151043,-0.285726][-0.317695,0.579949,0.750153][0.88723,0.970939,0][0.64012,-0.0151043,-0.285726][-0.317695,0.579949,0.750153][0.88723,0.970939,0][0.643655,0.0547762,-0.285016][-0.0502418,-0.00760219,0.998708][0.881872,0.917486,0][0.615665,0.0573597,-0.282203][-0.0583219,-0.126945,0.990194][0.861636,0.913041,0][0.663551,0.0631137,-0.281599][-0.420412,0.0782487,0.903953][0.900679,0.910638,0][0.643655,0.0547762,-0.285016][-0.0502418,-0.00760219,0.998708][0.881872,0.917486,0][0.64012,-0.0151043,-0.285726][-0.317695,0.579949,0.750153][0.88723,0.970939,0][0.64012,-0.0151043,-0.285726][-0.317695,0.579949,0.750153][0.88723,0.970939,0][0.672567,0.00424767,-0.256084][-0.724885,0.515543,0.456899][0.925808,0.951994,0][0.663551,0.0631137,-0.281599][-0.420412,0.0782487,0.903953][0.900679,0.910638,0][0.497737,0.182727,-0.211509][0.1811,-0.792991,0.581695][0.784396,0.828986,0][0.556088,0.0922251,-0.281502][0.362446,-0.412625,0.835687][0.808405,0.910587,0][0.569279,0.134898,-0.266153][-0.091444,-0.642987,0.760399][0.850063,0.877763,0][0.569279,0.134898,-0.266153][-0.091444,-0.642987,0.760399][0.850063,0.877763,0][0.541478,0.214981,-0.179533][-0.252776,-0.905731,0.340229][0.835536,0.811616,0][0.497737,0.182727,-0.211509][0.1811,-0.792991,0.581695][0.784396,0.828986,0][0.615665,0.0573597,-0.282203][-0.0583219,-0.126945,0.990194][0.861636,0.913041,0][0.569279,0.134898,-0.266153][-0.158805,-0.290335,0.943656][0.850063,0.877763,0][0.556088,0.0922251,-0.281502][0.556713,0.11674,0.822461][0.808405,0.910587,0][0.556088,0.0922251,-0.281502][0.556713,0.11674,0.822461][0.808405,0.910587,0][0.598256,0.00800276,-0.291312][0.447057,0.329071,0.831777][0.847526,0.95931,0][0.615665,0.0573597,-0.282203][-0.0583219,-0.126945,0.990194][0.861636,0.913041,0][0.195425,-0.481776,0.297608][0.408063,0.369538,-0.834821][0.856805,0.0450197,0][0.174249,-0.486076,0.260522][0.888142,0.401217,-0.224119][0.834925,0.0271987,0][0.160928,-0.414487,0.24291][0.988053,0.0540985,0.144309][0.793829,0.0728419,0][0.160928,-0.414487,0.24291][0.988053,0.0540985,0.144309][0.793829,0.0728419,0][0.200478,-0.427545,0.287837][0.70933,-0.188479,-0.67921][0.844487,0.0761271,0][0.195425,-0.481776,0.297608][0.408063,0.369538,-0.834821][0.856805,0.0450197,0][0.179029,-0.32285,0.219139][0.604682,-0.35716,-0.711896][0.771959,0.150757,0][0.219688,-0.343913,0.264516][0.215413,-0.319305,-0.922844][0.828741,0.141198,0][0.200478,-0.427545,0.287837][0.0195884,-0.234185,-0.971995][0.844487,0.0761271,0][0.200478,-0.427545,0.287837][0.0195884,-0.234185,-0.971995][0.844487,0.0761271,0][0.160928,-0.414487,0.24291][0.668047,-0.307704,-0.677518][0.793829,0.0728419,0][0.179029,-0.32285,0.219139][0.604682,-0.35716,-0.711896][0.771959,0.150757,0][0.255023,-0.493679,0.298432][-0.215813,0.517228,-0.828191][0.900696,0.05175,0][0.266194,-0.511283,0.261874][-0.502895,0.832321,-0.233107][0.924406,0.035555,0][0.213595,-0.521146,0.268607][0.233838,0.884714,-0.403238][0.880611,0.020182,0][0.213595,-0.521146,0.268607][0.233838,0.884714,-0.403238][0.880611,0.020182,0][0.231378,-0.460119,0.283917][0.0785482,0.220992,-0.972107][0.875761,0.0647103,0][0.255023,-0.493679,0.298432][-0.215813,0.517228,-0.828191][0.900696,0.05175,0][0.195425,-0.481776,0.297608][0.408063,0.369538,-0.834821][0.856805,0.0450197,0][0.231378,-0.460119,0.283917][0.0785482,0.220992,-0.972107][0.875761,0.0647103,0][0.213595,-0.521146,0.268607][0.233838,0.884714,-0.403238][0.880611,0.020182,0][0.213595,-0.521146,0.268607][0.233838,0.884714,-0.403238][0.880611,0.020182,0][0.174249,-0.486076,0.260522][0.888142,0.401217,-0.224119][0.834925,0.0271987,0][0.195425,-0.481776,0.297608][0.408063,0.369538,-0.834821][0.856805,0.0450197,0][0.305682,-0.365488,0.265928][-0.306457,-0.15072,-0.939876][0.903365,0.150866,0][0.351613,-0.38039,0.222195][-0.673907,0.0787349,-0.734609][0.958225,0.1639,0][0.315928,-0.460597,0.244947][-0.709595,0.0780304,-0.700276][0.955537,0.0869766,0][0.315928,-0.460597,0.244947][-0.709595,0.0780304,-0.700276][0.955537,0.0869766,0][0.276862,-0.444503,0.289005][-0.124217,-0.198409,-0.972216][0.904036,0.0850267,0][0.305682,-0.365488,0.265928][-0.306457,-0.15072,-0.939876][0.903365,0.150866,0][0.255023,-0.493679,0.298432][-0.215813,0.517228,-0.828191][0.900696,0.05175,0][0.276862,-0.444503,0.289005][-0.702453,0.179948,-0.688606][0.904036,0.0850267,0][0.315928,-0.460597,0.244947][-0.815797,0.563972,0.128105][0.955537,0.0869766,0][0.315928,-0.460597,0.244947][-0.815797,0.563972,0.128105][0.955537,0.0869766,0][0.266194,-0.511283,0.261874][-0.502895,0.832321,-0.233107][0.924406,0.035555,0][0.255023,-0.493679,0.298432][-0.215813,0.517228,-0.828191][0.900696,0.05175,0][0.295576,-0.100388,0.202309][0.223749,-0.266066,-0.937628][0.804392,0.35015,0][0.248749,-0.0772548,0.164211][0.493306,-0.328166,-0.805578][0.74786,0.363488,0][0.303558,0.0731688,0.131303][0.441622,-0.515537,-0.734297][0.746081,0.487468,0][0.303558,0.0731688,0.131303][0.441622,-0.515537,-0.734297][0.746081,0.487468,0][0.353264,0.0571465,0.171116][0.180017,-0.418258,-0.890311][0.80364,0.474514,0][0.295576,-0.100388,0.202309][0.223749,-0.266066,-0.937628][0.804392,0.35015,0][0.41785,0.188186,0.0848844][0.0388373,-0.803339,-0.594254][0.808369,0.599221,0][0.353264,0.0571465,0.171116][0.180017,-0.418258,-0.890311][0.80364,0.474514,0][0.303558,0.0731688,0.131303][0.441622,-0.515537,-0.734297][0.746081,0.487468,0][0.303558,0.0731688,0.131303][0.441622,-0.515537,-0.734297][0.746081,0.487468,0][0.36742,0.190421,0.0433366][0.277479,-0.880576,-0.384175][0.752963,0.612097,0][0.41785,0.188186,0.0848844][0.0388373,-0.803339,-0.594254][0.808369,0.599221,0][0.57985,0.112162,0.0958981][-0.548565,-0.473353,-0.689212][0.975909,0.608163,0][0.513816,-0.0111513,0.167194][-0.39976,-0.0885671,-0.912331][0.966397,0.484208,0][0.460052,0.0273085,0.187018][-0.118389,-0.294855,-0.94818][0.903542,0.480678,0][0.460052,0.0273085,0.187018][-0.118389,-0.294855,-0.94818][0.903542,0.480678,0][0.52573,0.160496,0.104332][-0.210235,-0.716352,-0.665313][0.91054,0.605295,0][0.57985,0.112162,0.0958981][-0.548565,-0.473353,-0.689212][0.975909,0.608163,0][0.446241,-0.15938,0.182382][-0.47096,0.0655214,-0.879718][0.958332,0.362493,0][0.395108,-0.130975,0.211349][-0.15308,-0.0967251,-0.983469][0.897943,0.356372,0][0.460052,0.0273085,0.187018][-0.118389,-0.294855,-0.94818][0.903542,0.480678,0][0.460052,0.0273085,0.187018][-0.118389,-0.294855,-0.94818][0.903542,0.480678,0][0.513816,-0.0111513,0.167194][-0.39976,-0.0885671,-0.912331][0.966397,0.484208,0][0.446241,-0.15938,0.182382][-0.47096,0.0655214,-0.879718][0.958332,0.362493,0][0.446241,-0.15938,0.182382][-0.47096,0.0655214,-0.879718][0.958332,0.362493,0][0.393317,-0.283822,0.193073][-0.613962,0.104551,-0.782381][0.957048,0.255078,0][0.344276,-0.263011,0.233334][-0.243275,-0.132647,-0.960844][0.899613,0.244074,0][0.344276,-0.263011,0.233334][-0.243275,-0.132647,-0.960844][0.899613,0.244074,0][0.395108,-0.130975,0.211349][-0.15308,-0.0967251,-0.983469][0.897943,0.356372,0][0.446241,-0.15938,0.182382][-0.47096,0.0655214,-0.879718][0.958332,0.362493,0][0.305682,-0.365488,0.265928][-0.306457,-0.15072,-0.939876][0.903365,0.150866,0][0.344276,-0.263011,0.233334][-0.243275,-0.132647,-0.960844][0.899613,0.244074,0][0.393317,-0.283822,0.193073][-0.613962,0.104551,-0.782381][0.957048,0.255078,0][0.393317,-0.283822,0.193073][-0.613962,0.104551,-0.782381][0.957048,0.255078,0][0.351613,-0.38039,0.222195][-0.673907,0.0787349,-0.734609][0.958225,0.1639,0][0.305682,-0.365488,0.265928][-0.306457,-0.15072,-0.939876][0.903365,0.150866,0][0.179029,-0.32285,0.219139][0.604682,-0.35716,-0.711896][0.771959,0.150757,0][0.207558,-0.211756,0.187809][0.556524,-0.344352,-0.75611][0.756858,0.249404,0][0.251129,-0.234975,0.231709][0.197357,-0.294513,-0.935047][0.81385,0.235888,0][0.251129,-0.234975,0.231709][0.197357,-0.294513,-0.935047][0.81385,0.235888,0][0.219688,-0.343913,0.264516][0.215413,-0.319305,-0.922844][0.828741,0.141198,0][0.179029,-0.32285,0.219139][0.604682,-0.35716,-0.711896][0.771959,0.150757,0][0.295576,-0.100388,0.202309][0.223749,-0.266066,-0.937628][0.804392,0.35015,0][0.251129,-0.234975,0.231709][0.197357,-0.294513,-0.935047][0.81385,0.235888,0][0.207558,-0.211756,0.187809][0.556524,-0.344352,-0.75611][0.756858,0.249404,0][0.207558,-0.211756,0.187809][0.556524,-0.344352,-0.75611][0.756858,0.249404,0][0.248749,-0.0772548,0.164211][0.493306,-0.328166,-0.805578][0.74786,0.363488,0][0.295576,-0.100388,0.202309][0.223749,-0.266066,-0.937628][0.804392,0.35015,0][0.433849,0.197048,-0.0982246][0.836929,-0.220981,0.500716][0.472543,0.76021,0][0.434714,0.223391,-0.0886618][0.869106,-0.176605,0.462024][0.494351,0.761372,0][0.36742,0.190421,0.0433366][0.883791,-0.358649,0.300476][0.52095,0.654515,0][0.36742,0.190421,0.0433366][0.883791,-0.358649,0.300476][0.52095,0.654515,0][0.365082,0.171059,0.0257125][0.871468,-0.385732,0.302911][0.498453,0.654932,0][0.433849,0.197048,-0.0982246][0.836929,-0.220981,0.500716][0.472543,0.76021,0][0.501015,0.15579,-0.210446][0.801089,0.106234,0.589042][0.43291,0.849003,0][0.497737,0.182727,-0.211509][0.87521,0.14555,0.461327][0.454471,0.8505,0][0.434714,0.223391,-0.0886618][0.869106,-0.176605,0.462024][0.494351,0.761372,0][0.434714,0.223391,-0.0886618][0.869106,-0.176605,0.462024][0.494351,0.761372,0][0.433849,0.197048,-0.0982246][0.836929,-0.220981,0.500716][0.472543,0.76021,0][0.501015,0.15579,-0.210446][0.801089,0.106234,0.589042][0.43291,0.849003,0][0.620688,0.131911,-0.0316233][-0.899475,0.345029,-0.268139][0.0670289,0.753106,0][0.62749,0.156474,-0.0236695][-0.903875,0.335392,-0.265559][0.0448963,0.75474,0][0.659227,0.138826,-0.139681][-0.804834,0.434263,-0.404546][0.0773194,0.83877,0][0.659227,0.138826,-0.139681][-0.804834,0.434263,-0.404546][0.0773194,0.83877,0][0.646817,0.116372,-0.139808][-0.772828,0.436392,-0.46076][0.0987629,0.836117,0][0.620688,0.131911,-0.0316233][-0.899475,0.345029,-0.268139][0.0670289,0.753106,0][0.576778,0.0922775,0.0814755][-0.902647,0.335663,-0.269366][0.0476195,0.65226,0][0.57985,0.112162,0.0958981][-0.905842,0.338101,-0.255221][0.024606,0.652039,0][0.62749,0.156474,-0.0236695][-0.903875,0.335392,-0.265559][0.0448963,0.75474,0][0.62749,0.156474,-0.0236695][-0.903875,0.335392,-0.265559][0.0448963,0.75474,0][0.620688,0.131911,-0.0316233][-0.899475,0.345029,-0.268139][0.0670289,0.753106,0][0.576778,0.0922775,0.0814755][-0.902647,0.335663,-0.269366][0.0476195,0.65226,0][0.662029,0.0506663,-0.206045][-0.660398,0.466501,-0.588431][0.140037,0.899492,0][0.680535,0.0688133,-0.212689][-0.667149,0.454402,-0.59028][0.119402,0.90159,0][0.672567,0.00424767,-0.256084][-0.633064,0.496499,-0.593901][0.144174,0.943514,0][0.672567,0.00424767,-0.256084][-0.633064,0.496499,-0.593901][0.144174,0.943514,0][0.653671,-0.00730991,-0.246052][-0.624692,0.502501,-0.597706][0.165746,0.942822,0][0.662029,0.0506663,-0.206045][-0.660398,0.466501,-0.588431][0.140037,0.899492,0][0.646817,0.116372,-0.139808][-0.772828,0.436392,-0.46076][0.0987629,0.836117,0][0.659227,0.138826,-0.139681][-0.804834,0.434263,-0.404546][0.0773194,0.83877,0][0.680535,0.0688133,-0.212689][-0.667149,0.454402,-0.59028][0.119402,0.90159,0][0.680535,0.0688133,-0.212689][-0.667149,0.454402,-0.59028][0.119402,0.90159,0][0.662029,0.0506663,-0.206045][-0.660398,0.466501,-0.588431][0.140037,0.899492,0][0.646817,0.116372,-0.139808][-0.772828,0.436392,-0.46076][0.0987629,0.836117,0][0.631644,-0.0280595,-0.265646][0.357576,0.738183,0.572037][0.33322,0.976594,0][0.64012,-0.0151043,-0.285726][-0.317695,0.579949,0.750153][0.353936,0.976594,0][0.598256,0.00800276,-0.291312][0.447057,0.329071,0.831777][0.371371,0.964335,0][0.598256,0.00800276,-0.291312][0.447057,0.329071,0.831777][0.371371,0.964335,0][0.600913,-0.00857592,-0.268333][0.434583,0.753482,0.493358][0.345616,0.96258,0][0.631644,-0.0280595,-0.265646][0.357576,0.738183,0.572037][0.33322,0.976594,0][0.653671,-0.00730991,-0.246052][-0.588,0.807762,0.042144][0.165746,0.942822,0][0.672567,0.00424767,-0.256084][-0.724885,0.515543,0.456899][0.144174,0.943514,0][0.64012,-0.0151043,-0.285726][-0.317695,0.579949,0.750153][0.154664,0.971407,0][0.64012,-0.0151043,-0.285726][-0.317695,0.579949,0.750153][0.154664,0.971407,0][0.631644,-0.0280595,-0.265646][-0.735217,0.667115,0.120057][0.1718,0.967655,0][0.653671,-0.00730991,-0.246052][-0.588,0.807762,0.042144][0.165746,0.942822,0][0.561366,0.067112,-0.263157][0.859066,0.398032,0.321833][0.380315,0.917593,0][0.556088,0.0922251,-0.281502][0.556713,0.11674,0.822461][0.402707,0.919352,0][0.497737,0.182727,-0.211509][0.87521,0.14555,0.461327][0.454471,0.8505,0][0.497737,0.182727,-0.211509][0.87521,0.14555,0.461327][0.454471,0.8505,0][0.501015,0.15579,-0.210446][0.801089,0.106234,0.589042][0.43291,0.849003,0][0.561366,0.067112,-0.263157][0.859066,0.398032,0.321833][0.380315,0.917593,0][0.600913,-0.00857592,-0.268333][0.879132,0.42029,0.224683][0.345616,0.96258,0][0.598256,0.00800276,-0.291312][0.447057,0.329071,0.831777][0.371371,0.964335,0][0.556088,0.0922251,-0.281502][0.556713,0.11674,0.822461][0.402707,0.919352,0][0.556088,0.0922251,-0.281502][0.556713,0.11674,0.822461][0.402707,0.919352,0][0.561366,0.067112,-0.263157][0.859066,0.398032,0.321833][0.380315,0.917593,0][0.600913,-0.00857592,-0.268333][0.879132,0.42029,0.224683][0.345616,0.96258,0][0.171292,-0.422726,0.22163][0.920799,0.107636,0.374892][0.449345,0.132455,0][0.160928,-0.414487,0.24291][0.988053,0.0540985,0.144309][0.473884,0.128812,0][0.174249,-0.486076,0.260522][0.888142,0.401217,-0.224119][0.454231,0.0672323,0][0.174249,-0.486076,0.260522][0.888142,0.401217,-0.224119][0.454231,0.0672323,0][0.176214,-0.488336,0.239697][0.991792,0.0972576,0.0829994][0.432676,0.0707773,0][0.171292,-0.422726,0.22163][0.920799,0.107636,0.374892][0.449345,0.132455,0][0.18725,-0.330775,0.19496][0.928753,-0.0962659,0.357982][0.471705,0.214293,0][0.179029,-0.32285,0.219139][0.933542,-0.106312,0.34234][0.49623,0.209077,0][0.160928,-0.414487,0.24291][0.988053,0.0540985,0.144309][0.473884,0.128812,0][0.160928,-0.414487,0.24291][0.988053,0.0540985,0.144309][0.473884,0.128812,0][0.171292,-0.422726,0.22163][0.920799,0.107636,0.374892][0.449345,0.132455,0][0.18725,-0.330775,0.19496][0.928753,-0.0962659,0.357982][0.471705,0.214293,0][0.213465,-0.51986,0.246113][-0.171346,0.984495,0.0375396][0.114059,0.0401973,0][0.213595,-0.521146,0.268607][0.233838,0.884714,-0.403238][0.0916633,0.0378073,0][0.266194,-0.511283,0.261874][-0.502895,0.832321,-0.233107][0.0935044,0.0808313,0][0.266194,-0.511283,0.261874][-0.502895,0.832321,-0.233107][0.0935044,0.0808313,0][0.262422,-0.512455,0.241214][-0.15225,0.987939,-0.0282209][0.115837,0.0830393,0][0.213465,-0.51986,0.246113][-0.171346,0.984495,0.0375396][0.114059,0.0401973,0][0.176214,-0.488336,0.239697][0.661111,0.750281,-0.00334826][0.432676,0.0707773,0][0.174249,-0.486076,0.260522][0.888142,0.401217,-0.224119][0.454231,0.0672323,0][0.213595,-0.521146,0.268607][0.233838,0.884714,-0.403238][0.458848,0.0285443,0][0.213595,-0.521146,0.268607][0.233838,0.884714,-0.403238][0.458848,0.0285443,0][0.213465,-0.51986,0.246113][0.641435,0.766129,0.0400805][0.43986,0.0301553,0][0.176214,-0.488336,0.239697][0.661111,0.750281,-0.00334826][0.432676,0.0707773,0][0.302463,-0.462404,0.224126][-0.716478,0.572955,0.397972][0.0984065,0.141774,0][0.315928,-0.460597,0.244947][-0.815797,0.563972,0.128105][0.0752432,0.139319,0][0.351613,-0.38039,0.222195][-0.819877,0.472726,0.323004][0.0546684,0.214518,0][0.351613,-0.38039,0.222195][-0.819877,0.472726,0.323004][0.0546684,0.214518,0][0.340688,-0.383706,0.198265][-0.825296,0.476232,0.303463][0.0792694,0.218619,0][0.302463,-0.462404,0.224126][-0.716478,0.572955,0.397972][0.0984065,0.141774,0][0.262422,-0.512455,0.241214][-0.693873,0.705567,0.143924][0.115837,0.0830393,0][0.266194,-0.511283,0.261874][-0.502895,0.832321,-0.233107][0.0935044,0.0808313,0][0.315928,-0.460597,0.244947][-0.815797,0.563972,0.128105][0.0752432,0.139319,0][0.315928,-0.460597,0.244947][-0.815797,0.563972,0.128105][0.0752432,0.139319,0][0.302463,-0.462404,0.224126][-0.716478,0.572955,0.397972][0.0984065,0.141774,0][0.262422,-0.512455,0.241214][-0.693873,0.705567,0.143924][0.115837,0.0830393,0][0.302392,0.0608706,0.11026][0.925696,-0.346027,0.152814][0.511917,0.53952,0][0.303558,0.0731688,0.131303][0.92404,-0.348112,0.15801][0.53512,0.537611,0][0.248749,-0.0772548,0.164211][0.945379,-0.284249,0.159565][0.530789,0.418178,0][0.248749,-0.0772548,0.164211][0.945379,-0.284249,0.159565][0.530789,0.418178,0][0.250128,-0.0854712,0.141678][0.946025,-0.278189,0.166273][0.507121,0.421523,0][0.302392,0.0608706,0.11026][0.925696,-0.346027,0.152814][0.511917,0.53952,0][0.365082,0.171059,0.0257125][0.871468,-0.385732,0.302911][0.498453,0.654932,0][0.36742,0.190421,0.0433366][0.883791,-0.358649,0.300476][0.52095,0.654515,0][0.303558,0.0731688,0.131303][0.92404,-0.348112,0.15801][0.53512,0.537611,0][0.303558,0.0731688,0.131303][0.92404,-0.348112,0.15801][0.53512,0.537611,0][0.302392,0.0608706,0.11026][0.925696,-0.346027,0.152814][0.511917,0.53952,0][0.365082,0.171059,0.0257125][0.871468,-0.385732,0.302911][0.498453,0.654932,0][0.509423,-0.0242181,0.148223][-0.89734,0.430184,-0.098605][0.0393842,0.535471,0][0.513816,-0.0111513,0.167194][-0.898525,0.431962,-0.0778566][0.0149044,0.534449,0][0.57985,0.112162,0.0958981][-0.905842,0.338101,-0.255221][0.024606,0.652039,0][0.57985,0.112162,0.0958981][-0.905842,0.338101,-0.255221][0.024606,0.652039,0][0.576778,0.0922775,0.0814755][-0.902647,0.335663,-0.269366][0.0476195,0.65226,0][0.509423,-0.0242181,0.148223][-0.89734,0.430184,-0.098605][0.0393842,0.535471,0][0.438578,-0.167514,0.16054][-0.896106,0.417776,0.14986][0.0470628,0.415154,0][0.446241,-0.15938,0.182382][-0.893567,0.418343,0.162873][0.021514,0.41367,0][0.513816,-0.0111513,0.167194][-0.898525,0.431962,-0.0778566][0.0149044,0.534449,0][0.513816,-0.0111513,0.167194][-0.898525,0.431962,-0.0778566][0.0149044,0.534449,0][0.509423,-0.0242181,0.148223][-0.89734,0.430184,-0.098605][0.0393842,0.535471,0][0.438578,-0.167514,0.16054][-0.896106,0.417776,0.14986][0.0470628,0.415154,0][0.384196,-0.28876,0.168909][-0.869517,0.434779,0.234322][0.0616677,0.308931,0][0.393317,-0.283822,0.193073][-0.869646,0.426965,0.247824][0.0361449,0.305853,0][0.446241,-0.15938,0.182382][-0.893567,0.418343,0.162873][0.021514,0.41367,0][0.446241,-0.15938,0.182382][-0.893567,0.418343,0.162873][0.021514,0.41367,0][0.438578,-0.167514,0.16054][-0.896106,0.417776,0.14986][0.0470628,0.415154,0][0.384196,-0.28876,0.168909][-0.869517,0.434779,0.234322][0.0616677,0.308931,0][0.340688,-0.383706,0.198265][-0.825296,0.476232,0.303463][0.0792694,0.218619,0][0.351613,-0.38039,0.222195][-0.819877,0.472726,0.323004][0.0546684,0.214518,0][0.393317,-0.283822,0.193073][-0.869646,0.426965,0.247824][0.0361449,0.305853,0][0.393317,-0.283822,0.193073][-0.869646,0.426965,0.247824][0.0361449,0.305853,0][0.384196,-0.28876,0.168909][-0.869517,0.434779,0.234322][0.0616677,0.308931,0][0.340688,-0.383706,0.198265][-0.825296,0.476232,0.303463][0.0792694,0.218619,0][0.212638,-0.21933,0.162421][0.946459,-0.195064,0.257227][0.493083,0.311676,0][0.207558,-0.211756,0.187809][0.948349,-0.202539,0.244158][0.517035,0.306967,0][0.179029,-0.32285,0.219139][0.933542,-0.106312,0.34234][0.49623,0.209077,0][0.179029,-0.32285,0.219139][0.933542,-0.106312,0.34234][0.49623,0.209077,0][0.18725,-0.330775,0.19496][0.928753,-0.0962659,0.357982][0.471705,0.214293,0][0.212638,-0.21933,0.162421][0.946459,-0.195064,0.257227][0.493083,0.311676,0][0.250128,-0.0854712,0.141678][0.946025,-0.278189,0.166273][0.507121,0.421523,0][0.248749,-0.0772548,0.164211][0.945379,-0.284249,0.159565][0.530789,0.418178,0][0.207558,-0.211756,0.187809][0.948349,-0.202539,0.244158][0.517035,0.306967,0][0.207558,-0.211756,0.187809][0.948349,-0.202539,0.244158][0.517035,0.306967,0][0.212638,-0.21933,0.162421][0.946459,-0.195064,0.257227][0.493083,0.311676,0][0.250128,-0.0854712,0.141678][0.946025,-0.278189,0.166273][0.507121,0.421523,0]